date,PRCP,SNOW,TMAX
2020-01-01T00:00:00,0,0,41
2020-01-02T00:00:00,0,0,49
2020-01-03T00:00:00,0.15,0,49
2020-01-04T00:00:00,0.27,0,51
2020-01-05T00:00:00,0,0,42
2020-01-06T00:00:00,0.04,0.2,45
2020-01-07T00:00:00,0,0,45
2020-01-08T00:00:00,0,0,42
2020-01-09T00:00:00,0,0,34
2020-01-10T00:00:00,0,0,55
2020-01-11T00:00:00,0,0,69
2020-01-12T00:00:00,0.05,0,68
2020-01-13T00:00:00,0,0,46
2020-01-14T00:00:00,0.07,0,46
2020-01-15T00:00:00,0,0,50
2020-01-16T00:00:00,0.11,0,49
2020-01-17T00:00:00,0,0,33
2020-01-18T00:00:00,0.37,2.1,37
2020-01-19T00:00:00,0,0,43
2020-01-20T00:00:00,0,0,31
2020-01-21T00:00:00,0,0,33
2020-01-22T00:00:00,0,0,38
2020-01-23T00:00:00,0,0,47
2020-01-24T00:00:00,0,0,51
2020-01-25T00:00:00,0.85,0,51
2020-01-26T00:00:00,0,0,46
2020-01-27T00:00:00,0,0,45
2020-01-28T00:00:00,0,0,43
2020-01-29T00:00:00,0,0,41
2020-01-30T00:00:00,0,0,38
2020-01-31T00:00:00,0.02,0,44
2020-02-01T00:00:00,0,0,43
2020-02-02T00:00:00,0.07,0,45
2020-02-03T00:00:00,0,0,57
2020-02-04T00:00:00,0,0,61
2020-02-05T00:00:00,0,0,55
2020-02-06T00:00:00,0.51,0,41
2020-02-07T00:00:00,0.25,0,56
2020-02-08T00:00:00,0,0,41
2020-02-09T00:00:00,0,0,44
2020-02-10T00:00:00,0.37,0,47
2020-02-11T00:00:00,0.28,0,48
2020-02-12T00:00:00,0.13,0,46
2020-02-13T00:00:00,0.39,0,44
2020-02-14T00:00:00,0,0,40
2020-02-15T00:00:00,0,0,31
2020-02-16T00:00:00,0,0,44
2020-02-17T00:00:00,0,0,51
2020-02-18T00:00:00,0,0,47
2020-02-19T00:00:00,0,0,48
2020-02-20T00:00:00,0,0,35
2020-02-21T00:00:00,0,0,35
2020-02-22T00:00:00,0,0,50
2020-02-23T00:00:00,0,0,56
2020-02-24T00:00:00,0,0,62
2020-02-25T00:00:00,0.14,0,53
2020-02-26T00:00:00,0,0,48
2020-02-27T00:00:00,0.4,0,43
2020-02-28T00:00:00,0,0,42
2020-02-29T00:00:00,0,0,35
2020-03-01T00:00:00,0,0,44
2020-03-02T00:00:00,0,0,58
2020-03-03T00:00:00,0.26,0,59
2020-03-04T00:00:00,0,0,56
2020-03-05T00:00:00,0,0,51
2020-03-06T00:00:00,0.37,0,45
2020-03-07T00:00:00,0,0,48
2020-03-08T00:00:00,0,0,59
2020-03-09T00:00:00,0,0,72
2020-03-10T00:00:00,0,0,65
2020-03-11T00:00:00,0,0,57
2020-03-12T00:00:00,0.03,0,50
2020-03-13T00:00:00,0.26,0,70
2020-03-14T00:00:00,0,0,57
2020-03-15T00:00:00,0,0,54
2020-03-16T00:00:00,0,0,45
2020-03-17T00:00:00,0.16,0,54
2020-03-18T00:00:00,0,0,54
2020-03-19T00:00:00,0.93,0,52
2020-03-20T00:00:00,0,0,77
2020-03-21T00:00:00,0,0,65
2020-03-22T00:00:00,0,0,45
2020-03-23T00:00:00,1.16,0,41
2020-03-24T00:00:00,0,0,55
2020-03-25T00:00:00,0.01,0,45
2020-03-26T00:00:00,0,0,60
2020-03-27T00:00:00,0,0,69
2020-03-28T00:00:00,0.45,0,54
2020-03-29T00:00:00,0.05,0,47
2020-03-30T00:00:00,0.04,0,52
2020-03-31T00:00:00,0.06,0,49
2020-04-01T00:00:00,0,0,56
2020-04-02T00:00:00,0,0,58
2020-04-03T00:00:00,0.13,0,52
2020-04-04T00:00:00,0.02,0,62
2020-04-05T00:00:00,0,0,65
2020-04-06T00:00:00,0.07,0,66
2020-04-07T00:00:00,0,0,68
2020-04-08T00:00:00,0.2,0,64
2020-04-09T00:00:00,0.12,0,59
2020-04-10T00:00:00,0.01,0,49
2020-04-11T00:00:00,0,0,56
2020-04-12T00:00:00,0,0,63
2020-04-13T00:00:00,1.92,0,67
2020-04-14T00:00:00,0,0,60
2020-04-15T00:00:00,0,0,54
2020-04-16T00:00:00,0,0,50
2020-04-17T00:00:00,0.07,0,51
2020-04-18T00:00:00,0.22,0,46
2020-04-19T00:00:00,0,0,63
2020-04-20T00:00:00,0,0,57
2020-04-21T00:00:00,0.18,0,61
2020-04-22T00:00:00,0,0,51
2020-04-23T00:00:00,0.13,0,52
2020-04-24T00:00:00,0.48,0,49
2020-04-25T00:00:00,0,0,65
2020-04-26T00:00:00,0.22,0,51
2020-04-27T00:00:00,0,0,50
2020-04-28T00:00:00,0,0,67
2020-04-29T00:00:00,0.01,0,59
2020-04-30T00:00:00,0.71,0,60
2020-05-01T00:00:00,0.21,0,66
2020-05-02T00:00:00,0,0,73
2020-05-03T00:00:00,0.04,0,80
2020-05-04T00:00:00,0,0,75
2020-05-05T00:00:00,0,0,63
2020-05-06T00:00:00,0.06,0,52
2020-05-07T00:00:00,0,0,67
2020-05-08T00:00:00,0.45,0,57
2020-05-09T00:00:00,0.03,0,48
2020-05-10T00:00:00,0,0,64
2020-05-11T00:00:00,0.05,0,61
2020-05-12T00:00:00,0,0,59
2020-05-13T00:00:00,0,0,64
2020-05-14T00:00:00,0,0,67
2020-05-15T00:00:00,0.07,0,84
2020-05-16T00:00:00,0.01,0,77
2020-05-17T00:00:00,0,0,69
2020-05-18T00:00:00,0,0,70
2020-05-19T00:00:00,0,0,68
2020-05-20T00:00:00,0,0,66
2020-05-21T00:00:00,0,0,68
2020-05-22T00:00:00,0.03,0,77
2020-05-23T00:00:00,0.65,0,67
2020-05-24T00:00:00,0,0,67
2020-05-25T00:00:00,0,0,71
2020-05-26T00:00:00,0,0,78
2020-05-27T00:00:00,0,0,79
2020-05-28T00:00:00,0,0,76
2020-05-29T00:00:00,0.03,0,81
2020-05-30T00:00:00,0.02,0,81
2020-05-31T00:00:00,0,0,70
2020-06-01T00:00:00,0,0,70
2020-06-02T00:00:00,0,0,72
2020-06-03T00:00:00,0.45,0,79
2020-06-04T00:00:00,0.16,0,84
2020-06-05T00:00:00,0.26,0,79
2020-06-06T00:00:00,0.06,0,86
2020-06-07T00:00:00,0,0,76
2020-06-08T00:00:00,0,0,79
2020-06-09T00:00:00,0,0,87
2020-06-10T00:00:00,0,0,85
2020-06-11T00:00:00,0.05,0,84
2020-06-12T00:00:00,0,0,85
2020-06-13T00:00:00,0,0,75
2020-06-14T00:00:00,0,0,74
2020-06-15T00:00:00,0,0,75
2020-06-16T00:00:00,0,0,78
2020-06-17T00:00:00,0,0,78
2020-06-18T00:00:00,0,0,77
2020-06-19T00:00:00,0,0,83
2020-06-20T00:00:00,0,0,86
2020-06-21T00:00:00,0,0,88
2020-06-22T00:00:00,0,0,90
2020-06-23T00:00:00,0,0,87
2020-06-24T00:00:00,0,0,86
2020-06-25T00:00:00,0,0,87
2020-06-26T00:00:00,0,0,87
2020-06-27T00:00:00,0.09,0,80
2020-06-28T00:00:00,0.11,0,90
2020-06-29T00:00:00,0.58,0,87
2020-06-30T00:00:00,0,0,80
2020-07-01T00:00:00,0.03,0,80
2020-07-02T00:00:00,0,0,92
2020-07-03T00:00:00,0.13,0,90
2020-07-04T00:00:00,0,0,87
2020-07-05T00:00:00,0,0,92
2020-07-06T00:00:00,0.54,0,96
2020-07-07T00:00:00,0,0,82
2020-07-08T00:00:00,0.02,0,83
2020-07-09T00:00:00,0,0,89
2020-07-10T00:00:00,2.54,0,77
2020-07-11T00:00:00,0.76,0,83
2020-07-12T00:00:00,0.04,0,87
2020-07-13T00:00:00,0.02,0,86
2020-07-14T00:00:00,0,0,85
2020-07-15T00:00:00,0,0,82
2020-07-16T00:00:00,0,0,78
2020-07-17T00:00:00,0.03,0,84
2020-07-18T00:00:00,0,0,91
2020-07-19T00:00:00,0,0,94
2020-07-20T00:00:00,0,0,93
2020-07-21T00:00:00,0,0,91
2020-07-22T00:00:00,1.42,0,92
2020-07-23T00:00:00,0,0,86
2020-07-24T00:00:00,0.19,0,80
2020-07-25T00:00:00,0,0,88
2020-07-26T00:00:00,0,0,92
2020-07-27T00:00:00,0,0,93
2020-07-28T00:00:00,0,0,93
2020-07-29T00:00:00,0,0,90
2020-07-30T00:00:00,0.08,0,92
2020-07-31T00:00:00,0.78,0,82
2020-08-01T00:00:00,0,0,88
2020-08-02T00:00:00,0,0,89
2020-08-03T00:00:00,0.54,0,88
2020-08-04T00:00:00,0.55,0,79
2020-08-05T00:00:00,0,0,86
2020-08-06T00:00:00,0,0,82
2020-08-07T00:00:00,0.46,0,81
2020-08-08T00:00:00,0,0,83
2020-08-09T00:00:00,0,0,87
2020-08-10T00:00:00,0,0,92
2020-08-11T00:00:00,0,0,88
2020-08-12T00:00:00,1.76,0,90
2020-08-13T00:00:00,0.24,0,79
2020-08-14T00:00:00,0,0,86
2020-08-15T00:00:00,0,0,84
2020-08-16T00:00:00,0.21,0,72
2020-08-17T00:00:00,0.14,0,81
2020-08-18T00:00:00,0.2,0,82
2020-08-19T00:00:00,0.14,0,75
2020-08-20T00:00:00,0,0,80
2020-08-21T00:00:00,0,0,83
2020-08-22T00:00:00,0,0,88
2020-08-23T00:00:00,0,0,86
2020-08-24T00:00:00,0,0,90
2020-08-25T00:00:00,0.36,0,89
2020-08-26T00:00:00,0,0,77
2020-08-27T00:00:00,0.42,0,90
2020-08-28T00:00:00,0,0,85
2020-08-29T00:00:00,0.01,0,81
2020-08-30T00:00:00,0,0,79
2020-08-31T00:00:00,0,0,77
2020-09-01T00:00:00,0.23,0,77
2020-09-02T00:00:00,0.14,0,79
2020-09-03T00:00:00,0.71,0,85
2020-09-04T00:00:00,0,0,85
2020-09-05T00:00:00,0,0,80
2020-09-06T00:00:00,0,0,82
2020-09-07T00:00:00,0,0,79
2020-09-08T00:00:00,0,0,84
2020-09-09T00:00:00,0,0,81
2020-09-10T00:00:00,1.2,0,82
2020-09-11T00:00:00,0,0,76
2020-09-12T00:00:00,0,0,74
2020-09-13T00:00:00,0,0,74
2020-09-14T00:00:00,0,0,75
2020-09-15T00:00:00,0,0,66
2020-09-16T00:00:00,0,0,71
2020-09-17T00:00:00,0,0,75
2020-09-18T00:00:00,0,0,70
2020-09-19T00:00:00,0,0,63
2020-09-20T00:00:00,0,0,65
2020-09-21T00:00:00,0,0,65
2020-09-22T00:00:00,0,0,71
2020-09-23T00:00:00,0,0,79
2020-09-24T00:00:00,0,0,75
2020-09-25T00:00:00,0,0,77
2020-09-26T00:00:00,0,0,74
2020-09-27T00:00:00,0.03,0,79
2020-09-28T00:00:00,0.02,0,77
2020-09-29T00:00:00,0.47,0,74
2020-09-30T00:00:00,1.14,0,71
2020-10-01T00:00:00,0,0,72
2020-10-02T00:00:00,0.04,0,65
2020-10-03T00:00:00,0,0,66
2020-10-04T00:00:00,0,0,67
2020-10-05T00:00:00,0,0,70
2020-10-06T00:00:00,0,0,69
2020-10-07T00:00:00,0.02,0,74
2020-10-08T00:00:00,0,0,64
2020-10-09T00:00:00,0,0,69
2020-10-10T00:00:00,0,0,71
2020-10-11T00:00:00,0,0,67
2020-10-12T00:00:00,0.96,0,57
2020-10-13T00:00:00,0.34,0,58
2020-10-14T00:00:00,0,0,67
2020-10-15T00:00:00,0,0,71
2020-10-16T00:00:00,1.36,0,66
2020-10-17T00:00:00,0.01,0,59
2020-10-18T00:00:00,0,0,62
2020-10-19T00:00:00,0,0,65
2020-10-20T00:00:00,0,0,71
2020-10-21T00:00:00,0,0,68
2020-10-22T00:00:00,0,0,68
2020-10-23T00:00:00,0,0,69
2020-10-24T00:00:00,0,0,69
2020-10-25T00:00:00,0.02,0,53
2020-10-26T00:00:00,0.02,0,59
2020-10-27T00:00:00,0,0,59
2020-10-28T00:00:00,0.11,0,57
2020-10-29T00:00:00,1.53,0,56
2020-10-30T00:00:00,0.64,0,47
2020-10-31T00:00:00,0,0,46
2020-11-01T00:00:00,0.4,0,55
2020-11-02T00:00:00,0,0,44
2020-11-03T00:00:00,0,0,53
2020-11-04T00:00:00,0,0,62
2020-11-05T00:00:00,0,0,67
2020-11-06T00:00:00,0,0,70
2020-11-07T00:00:00,0,0,74
2020-11-08T00:00:00,0,0,75
2020-11-09T00:00:00,0,0,75
2020-11-10T00:00:00,0,0,74
2020-11-11T00:00:00,0.78,0,72
2020-11-12T00:00:00,0.24,0,68
2020-11-13T00:00:00,0.19,0,50
2020-11-14T00:00:00,0,0,52
2020-11-15T00:00:00,0.07,0,64
2020-11-16T00:00:00,0,0,55
2020-11-17T00:00:00,0,0,50
2020-11-18T00:00:00,0,0,36
2020-11-19T00:00:00,0,0,48
2020-11-20T00:00:00,0,0,63
2020-11-21T00:00:00,0,0,64
2020-11-22T00:00:00,0,0,59
2020-11-23T00:00:00,0.54,0,60
2020-11-24T00:00:00,0,0,48
2020-11-25T00:00:00,0,0,56
2020-11-26T00:00:00,0.79,0,65
2020-11-27T00:00:00,0,0,63
2020-11-28T00:00:00,0,0,56
2020-11-29T00:00:00,0,0,54
2020-11-30T00:00:00,0.98,0,63
2020-12-01T00:00:00,0,0,62
2020-12-02T00:00:00,0,0,43
2020-12-03T00:00:00,0,0,50
2020-12-04T00:00:00,0.11,0,52
2020-12-05T00:00:00,1.02,0,47
2020-12-06T00:00:00,0,0,40
2020-12-07T00:00:00,0,0,40
2020-12-08T00:00:00,0,0,36
2020-12-09T00:00:00,0.05,0,38
2020-12-10T00:00:00,0,0,49
2020-12-11T00:00:00,0,0,57
2020-12-12T00:00:00,0,0,58
2020-12-13T00:00:00,0,0,62
2020-12-14T00:00:00,0.26,0,47
2020-12-15T00:00:00,0,0,39
2020-12-16T00:00:00,0.86,6.5,31
2020-12-17T00:00:00,0.66,4,33
2020-12-18T00:00:00,0,0,32
2020-12-19T00:00:00,0,0,32
2020-12-20T00:00:00,0.01,0,40
2020-12-21T00:00:00,0,0,46
2020-12-22T00:00:00,0,0,46
2020-12-23T00:00:00,0,0,45
2020-12-24T00:00:00,0.24,0,59
2020-12-25T00:00:00,0.92,0,61
2020-12-26T00:00:00,0,0,32
2020-12-27T00:00:00,0,0,37
2020-12-28T00:00:00,0,0,50
2020-12-29T00:00:00,0,0,43
2020-12-30T00:00:00,0,0,43
2020-12-31T00:00:00,0.48,0,48
2021-01-01T00:00:00,0.62,0,40
2021-01-02T00:00:00,0.05,0,51
2021-01-03T00:00:00,0.22,0,38
2021-01-04T00:00:00,0.02,0,43
2021-01-05T00:00:00,0,0,42
2021-01-06T00:00:00,0,0,41
2021-01-07T00:00:00,0,0,41
2021-01-08T00:00:00,0,0,37
2021-01-09T00:00:00,0,0,37
2021-01-10T00:00:00,0,0,41
2021-01-11T00:00:00,0,0,37
2021-01-12T00:00:00,0,0,44
2021-01-13T00:00:00,0,0,43
2021-01-14T00:00:00,0,0,49
2021-01-15T00:00:00,0.38,0,46
2021-01-16T00:00:00,0.78,0,47
2021-01-17T00:00:00,0,0,44
2021-01-18T00:00:00,0,0,45
2021-01-19T00:00:00,0,0,43
2021-01-20T00:00:00,0.02,0,40
2021-01-21T00:00:00,0,0,43
2021-01-22T00:00:00,0,0,45
2021-01-23T00:00:00,0,0,36
2021-01-24T00:00:00,0,0,32
2021-01-25T00:00:00,0,0,37
2021-01-26T00:00:00,0.1,0.1,34
2021-01-27T00:00:00,0,0,37
2021-01-28T00:00:00,0,0,34
2021-01-29T00:00:00,0,0,25
2021-01-30T00:00:00,0,0,32
2021-01-31T00:00:00,0.12,2,26
2021-02-01T00:00:00,1.85,14.8,34
2021-02-02T00:00:00,0.13,0.4,33
2021-02-03T00:00:00,0.01,0.2,37
2021-02-04T00:00:00,0,0,43
2021-02-05T00:00:00,0.07,0,47
2021-02-06T00:00:00,0,0,44
2021-02-07T00:00:00,0.39,4.5,40
2021-02-08T00:00:00,0,0,29
2021-02-09T00:00:00,0,0,33
2021-02-10T00:00:00,0.01,0,35
2021-02-11T00:00:00,0.1,1.3,33
2021-02-12T00:00:00,0,0,30
2021-02-13T00:00:00,0,0,30
2021-02-14T00:00:00,0,0,38
2021-02-15T00:00:00,0.02,0,36
2021-02-16T00:00:00,0.82,0,51
2021-02-17T00:00:00,0,0,34
2021-02-18T00:00:00,0.45,3.2,30
2021-02-19T00:00:00,0.14,1.2,33
2021-02-20T00:00:00,0,0,35
2021-02-21T00:00:00,0,0,37
2021-02-22T00:00:00,0.52,0.4,39
2021-02-23T00:00:00,0.01,0,45
2021-02-24T00:00:00,0,0,54
2021-02-25T00:00:00,0,0,50
2021-02-26T00:00:00,0,0,45
2021-02-27T00:00:00,0.39,0,50
2021-02-28T00:00:00,0.22,0,45
2021-03-01T00:00:00,0.16,0,49
2021-03-02T00:00:00,0,0,33
2021-03-03T00:00:00,0,0,52
2021-03-04T00:00:00,0,0,45
2021-03-05T00:00:00,0,0,37
2021-03-06T00:00:00,0,0,34
2021-03-07T00:00:00,0,0,41
2021-03-08T00:00:00,0,0,43
2021-03-09T00:00:00,0,0,64
2021-03-10T00:00:00,0,0,54
2021-03-11T00:00:00,0,0,71
2021-03-12T00:00:00,0,0,68
2021-03-13T00:00:00,0,0,52
2021-03-14T00:00:00,0,0,54
2021-03-15T00:00:00,0,0,39
2021-03-16T00:00:00,0,0,37
2021-03-17T00:00:00,0,0,47
2021-03-18T00:00:00,0.6,0,47
2021-03-19T00:00:00,0.07,0,43
2021-03-20T00:00:00,0,0,59
2021-03-21T00:00:00,0,0,63
2021-03-22T00:00:00,0,0,62
2021-03-23T00:00:00,0,0,66
2021-03-24T00:00:00,1.27,0,56
2021-03-25T00:00:00,0.01,0,68
2021-03-26T00:00:00,0.19,0,82
2021-03-27T00:00:00,0,0,69
2021-03-28T00:00:00,0.76,0,60
2021-03-29T00:00:00,0,0,55
2021-03-30T00:00:00,0,0,61
2021-03-31T00:00:00,0.35,0,67
2021-04-01T00:00:00,0.03,0,58
2021-04-02T00:00:00,0,0,39
2021-04-03T00:00:00,0,0,53
2021-04-04T00:00:00,0,0,65
2021-04-05T00:00:00,0,0,68
2021-04-06T00:00:00,0,0,70
2021-04-07T00:00:00,0,0,72
2021-04-08T00:00:00,0,0,70
2021-04-09T00:00:00,0.01,0,59
2021-04-10T00:00:00,0.01,0,70
2021-04-11T00:00:00,0.42,0,57
2021-04-12T00:00:00,0.49,0,51
2021-04-13T00:00:00,0.06,0,65
2021-04-14T00:00:00,0,0,72
2021-04-15T00:00:00,0.83,0,58
2021-04-16T00:00:00,0.04,0,53
2021-04-17T00:00:00,0,0,56
2021-04-18T00:00:00,0,0,64
2021-04-19T00:00:00,0,0,65
2021-04-20T00:00:00,0,0,76
2021-04-21T00:00:00,0.11,0,68
2021-04-22T00:00:00,0,0,48
2021-04-23T00:00:00,0,0,64
2021-04-24T00:00:00,0,0,72
2021-04-25T00:00:00,0.59,0,63
2021-04-26T00:00:00,0,0,60
2021-04-27T00:00:00,0,0,64
2021-04-28T00:00:00,0.05,0,85
2021-04-29T00:00:00,0.02,0,75
2021-04-30T00:00:00,0.03,0,71
2021-05-01T00:00:00,0,0,65
2021-05-02T00:00:00,0,0,82
2021-05-03T00:00:00,0.58,0,66
2021-05-04T00:00:00,0.23,0,73
2021-05-05T00:00:00,0.31,0,62
2021-05-06T00:00:00,0,0,66
2021-05-07T00:00:00,0,0,66
2021-05-08T00:00:00,0.05,0,55
2021-05-09T00:00:00,0.47,0,65
2021-05-10T00:00:00,0.03,0,60
2021-05-11T00:00:00,0,0,67
2021-05-12T00:00:00,0,0,68
2021-05-13T00:00:00,0,0,72
2021-05-14T00:00:00,0,0,76
2021-05-15T00:00:00,0,0,79
2021-05-16T00:00:00,0.01,0,75
2021-05-17T00:00:00,0,0,78
2021-05-18T00:00:00,0,0,82
2021-05-19T00:00:00,0,0,86
2021-05-20T00:00:00,0,0,76
2021-05-21T00:00:00,0,0,79
2021-05-22T00:00:00,0,0,89
2021-05-23T00:00:00,0,0,88
2021-05-24T00:00:00,0,0,68
2021-05-25T00:00:00,0,0,73
2021-05-26T00:00:00,0.07,0,86
2021-05-27T00:00:00,0.02,0,81
2021-05-28T00:00:00,1.22,0,69
2021-05-29T00:00:00,0.46,0,51
2021-05-30T00:00:00,0.89,0,51
2021-05-31T00:00:00,0.02,0,70
2021-06-01T00:00:00,0,0,76
2021-06-02T00:00:00,0,0,75
2021-06-03T00:00:00,0.38,0,74
2021-06-04T00:00:00,0.39,0,78
2021-06-05T00:00:00,0,0,89
2021-06-06T00:00:00,0,0,92
2021-06-07T00:00:00,0.07,0,91
2021-06-08T00:00:00,0.47,0,90
2021-06-09T00:00:00,0.01,0,90
2021-06-10T00:00:00,0,0,84
2021-06-11T00:00:00,0,0,69
2021-06-12T00:00:00,0,0,69
2021-06-13T00:00:00,0.01,0,76
2021-06-14T00:00:00,0.22,0,73
2021-06-15T00:00:00,0,0,80
2021-06-16T00:00:00,0,0,77
2021-06-17T00:00:00,0,0,78
2021-06-18T00:00:00,0,0,84
2021-06-19T00:00:00,0.14,0,88
2021-06-20T00:00:00,0,0,86
2021-06-21T00:00:00,0,0,86
2021-06-22T00:00:00,0.24,0,78
2021-06-23T00:00:00,0,0,76
2021-06-24T00:00:00,0,0,77
2021-06-25T00:00:00,0,0,81
2021-06-26T00:00:00,0.04,0,83
2021-06-27T00:00:00,0,0,90
2021-06-28T00:00:00,0,0,92
2021-06-29T00:00:00,0,0,95
2021-06-30T00:00:00,0.65,0,98
2021-07-01T00:00:00,0.9,0,84
2021-07-02T00:00:00,0.67,0,79
2021-07-03T00:00:00,0.34,0,66
2021-07-04T00:00:00,0,0,79
2021-07-05T00:00:00,0,0,83
2021-07-06T00:00:00,0.55,0,92
2021-07-07T00:00:00,0,0,91
2021-07-08T00:00:00,2.27,0,84
2021-07-09T00:00:00,2.06,0,85
2021-07-10T00:00:00,0.27,0,81
2021-07-11T00:00:00,0.01,0,78
2021-07-12T00:00:00,1.42,0,86
2021-07-13T00:00:00,0,0,72
2021-07-14T00:00:00,0,0,87
2021-07-15T00:00:00,0,0,89
2021-07-16T00:00:00,0,0,91
2021-07-17T00:00:00,0.62,0,91
2021-07-18T00:00:00,0.03,0,84
2021-07-19T00:00:00,0.01,0,81
2021-07-20T00:00:00,0,0,86
2021-07-21T00:00:00,0.05,0,80
2021-07-22T00:00:00,0,0,81
2021-07-23T00:00:00,0.01,0,83
2021-07-24T00:00:00,0,0,84
2021-07-25T00:00:00,0.49,0,83
2021-07-26T00:00:00,0.78,0,88
2021-07-27T00:00:00,0,0,89
2021-07-28T00:00:00,0.14,0,81
2021-07-29T00:00:00,0.47,0,77
2021-07-30T00:00:00,0,0,82
2021-07-31T00:00:00,0,0,77
2021-08-01T00:00:00,0.04,0,77
2021-08-02T00:00:00,0,0,80
2021-08-03T00:00:00,0,0,79
2021-08-04T00:00:00,0,0,76
2021-08-05T00:00:00,0,0,81
2021-08-06T00:00:00,0,0,88
2021-08-07T00:00:00,0,0,87
2021-08-08T00:00:00,0.21,0,77
2021-08-09T00:00:00,0,0,81
2021-08-10T00:00:00,0.83,0,84
2021-08-11T00:00:00,0.18,0,89
2021-08-12T00:00:00,0,0,93
2021-08-13T00:00:00,0,0,94
2021-08-14T00:00:00,0,0,88
2021-08-15T00:00:00,0,0,83
2021-08-16T00:00:00,0,0,83
2021-08-17T00:00:00,0,0,81
2021-08-18T00:00:00,0,0,83
2021-08-19T00:00:00,0.2,0,85
2021-08-20T00:00:00,0,0,82
2021-08-21T00:00:00,4.45,0,82
2021-08-22T00:00:00,2.67,0,76
2021-08-23T00:00:00,1.07,0,83
2021-08-24T00:00:00,0,0,89
2021-08-25T00:00:00,0,0,91
2021-08-26T00:00:00,0,0,91
2021-08-27T00:00:00,0.67,0,93
2021-08-28T00:00:00,0,0,80
2021-08-29T00:00:00,0,0,76
2021-08-30T00:00:00,0,0,85
2021-08-31T00:00:00,0,0,83
2021-09-01T00:00:00,7.13,0,78
2021-09-02T00:00:00,0.1,0,77
2021-09-03T00:00:00,0,0,74
2021-09-04T00:00:00,0,0,79
2021-09-05T00:00:00,0.02,0,74
2021-09-06T00:00:00,0,0,81
2021-09-07T00:00:00,0,0,79
2021-09-08T00:00:00,0,0,82
2021-09-09T00:00:00,0.26,0,76
2021-09-10T00:00:00,0,0,74
2021-09-11T00:00:00,0,0,76
2021-09-12T00:00:00,0,0,81
2021-09-13T00:00:00,0.12,0,83
2021-09-14T00:00:00,0,0,80
2021-09-15T00:00:00,0,0,85
2021-09-16T00:00:00,0,0,76
2021-09-17T00:00:00,0,0,75
2021-09-18T00:00:00,0,0,84
2021-09-19T00:00:00,0,0,76
2021-09-20T00:00:00,0,0,75
2021-09-21T00:00:00,0.09,0,76
2021-09-22T00:00:00,0.01,0,79
2021-09-23T00:00:00,1.37,0,79
2021-09-24T00:00:00,0.66,0,72
2021-09-25T00:00:00,0,0,75
2021-09-26T00:00:00,0,0,71
2021-09-27T00:00:00,0,0,78
2021-09-28T00:00:00,0.27,0,71
2021-09-29T00:00:00,0,0,68
2021-09-30T00:00:00,0,0,65
2021-10-01T00:00:00,0,0,67
2021-10-02T00:00:00,0,0,74
2021-10-03T00:00:00,0,0,77
2021-10-04T00:00:00,0.15,0,73
2021-10-05T00:00:00,0,0,65
2021-10-06T00:00:00,0,0,69
2021-10-07T00:00:00,0,0,73
2021-10-08T00:00:00,0,0,76
2021-10-09T00:00:00,0,0,67
2021-10-10T00:00:00,0.11,0,66
2021-10-11T00:00:00,0,0,71
2021-10-12T00:00:00,0,0,69
2021-10-13T00:00:00,0,0,69
2021-10-14T00:00:00,0,0,76
2021-10-15T00:00:00,0,0,79
2021-10-16T00:00:00,0.25,0,76
2021-10-17T00:00:00,0,0,61
2021-10-18T00:00:00,0,0,58
2021-10-19T00:00:00,0,0,66
2021-10-20T00:00:00,0,0,75
2021-10-21T00:00:00,0,0,73
2021-10-22T00:00:00,0,0,69
2021-10-23T00:00:00,0.01,0,59
2021-10-24T00:00:00,0.03,0,59
2021-10-25T00:00:00,0.23,0,73
2021-10-26T00:00:00,3.3,0,63
2021-10-27T00:00:00,0.16,0,61
2021-10-28T00:00:00,0,0,57
2021-10-29T00:00:00,0.41,0,56
2021-10-30T00:00:00,0.57,0,64
2021-10-31T00:00:00,0.04,0,63
2021-11-01T00:00:00,0,0,58
2021-11-02T00:00:00,0,0,53
2021-11-03T00:00:00,0,0,51
2021-11-04T00:00:00,0,0,50
2021-11-05T00:00:00,0,0,51
2021-11-06T00:00:00,0,0,52
2021-11-07T00:00:00,0,0,53
2021-11-08T00:00:00,0,0,63
2021-11-09T00:00:00,0,0,68
2021-11-10T00:00:00,0,0,64
2021-11-11T00:00:00,0.01,0,61
2021-11-12T00:00:00,0.48,0,65
2021-11-13T00:00:00,0.33,0,62
2021-11-14T00:00:00,0.02,0,48
2021-11-15T00:00:00,0,0,47
2021-11-16T00:00:00,0,0,49
2021-11-17T00:00:00,0,0,57
2021-11-18T00:00:00,0.09,0,69
2021-11-19T00:00:00,0.01,0,48
2021-11-20T00:00:00,0,0,47
2021-11-21T00:00:00,0.01,0,56
2021-11-22T00:00:00,0.04,0,55
2021-11-23T00:00:00,0,0,42
2021-11-24T00:00:00,0,0,45
2021-11-25T00:00:00,0.01,0,56
2021-11-26T00:00:00,0.12,0,47
2021-11-27T00:00:00,0,0,39
2021-11-28T00:00:00,0,0,41
2021-11-29T00:00:00,0,0,45
2021-11-30T00:00:00,0,0,41
2021-12-01T00:00:00,0,0,49
2021-12-02T00:00:00,0.04,0,58
2021-12-03T00:00:00,0,0,48
2021-12-04T00:00:00,0,0,48
2021-12-05T00:00:00,0,0,49
2021-12-06T00:00:00,0.42,0,61
2021-12-07T00:00:00,0,0,43
2021-12-08T00:00:00,0.04,0,42
2021-12-09T00:00:00,0,0,39
2021-12-10T00:00:00,0,0,50
2021-12-11T00:00:00,0.17,0,66
2021-12-12T00:00:00,0,0,56
2021-12-13T00:00:00,0,0,53
2021-12-14T00:00:00,0,0,53
2021-12-15T00:00:00,0,0,57
2021-12-16T00:00:00,0,0,62
2021-12-17T00:00:00,0,0,60
2021-12-18T00:00:00,0.06,0,48
2021-12-19T00:00:00,0.02,0,45
2021-12-20T00:00:00,0,0,37
2021-12-21T00:00:00,0,0,43
2021-12-22T00:00:00,0.12,0,47
2021-12-23T00:00:00,0,0,36
2021-12-24T00:00:00,0.03,0.2,40
2021-12-25T00:00:00,0.16,0,52
2021-12-26T00:00:00,0,0,51
2021-12-27T00:00:00,0.09,0,39
2021-12-28T00:00:00,0.05,0,47
2021-12-29T00:00:00,0.14,0,44
2021-12-30T00:00:00,0.05,0,49
2021-12-31T00:00:00,0,0,55
2022-01-01T00:00:00,0.79,0,56
2022-01-02T00:00:00,0.04,0,59
2022-01-03T00:00:00,0,0,37
2022-01-04T00:00:00,0,0,34
2022-01-05T00:00:00,0.23,0,47
2022-01-06T00:00:00,0,0,41
2022-01-07T00:00:00,0.38,5.8,34
2022-01-08T00:00:00,0,0,30
2022-01-09T00:00:00,0.1,0,40
2022-01-10T00:00:00,0,0,40
2022-01-11T00:00:00,0,0,24
2022-01-12T00:00:00,0,0,40
2022-01-13T00:00:00,0,0,48
2022-01-14T00:00:00,0,0,43
2022-01-15T00:00:00,0,0,21
2022-01-16T00:00:00,0.37,0.8,37
2022-01-17T00:00:00,1.16,0,44
2022-01-18T00:00:00,0,0,36
2022-01-19T00:00:00,0,0,49
2022-01-20T00:00:00,0.3,0,46
2022-01-21T00:00:00,0,0,22
2022-01-22T00:00:00,0,0,29
2022-01-23T00:00:00,0.02,0.2,37
2022-01-24T00:00:00,0,0,36
2022-01-25T00:00:00,0,0,42
2022-01-26T00:00:00,0,0,28
2022-01-27T00:00:00,0,0,32
2022-01-28T00:00:00,0.13,1.2,32
2022-01-29T00:00:00,0.77,7.3,29
2022-01-30T00:00:00,0,0,26
2022-01-31T00:00:00,0,0,31
2022-02-01T00:00:00,0,0,36
2022-02-02T00:00:00,0,0,47
2022-02-03T00:00:00,0.42,0,52
2022-02-04T00:00:00,0.72,0,57
2022-02-05T00:00:00,0,0,27
2022-02-06T00:00:00,0,0,30
2022-02-07T00:00:00,0.15,0,37
2022-02-08T00:00:00,0.07,0,45
2022-02-09T00:00:00,0,0,46
2022-02-10T00:00:00,0,0,54
2022-02-11T00:00:00,0,0,57
2022-02-12T00:00:00,0,0,59
2022-02-13T00:00:00,0.23,1.6,42
2022-02-14T00:00:00,0,0,25
2022-02-15T00:00:00,0,0,30
2022-02-16T00:00:00,0,0,49
2022-02-17T00:00:00,0.31,0,68
2022-02-18T00:00:00,0.33,0,63
2022-02-19T00:00:00,0,0,40
2022-02-20T00:00:00,0,0,36
2022-02-21T00:00:00,0,0,55
2022-02-22T00:00:00,0.26,0,61
2022-02-23T00:00:00,0,0,68
2022-02-24T00:00:00,0,0,35
2022-02-25T00:00:00,0.74,0.4,41
2022-02-26T00:00:00,0,0,37
2022-02-27T00:00:00,0,0,48
2022-02-28T00:00:00,0,0,36
2022-03-01T00:00:00,0,0,48
2022-03-02T00:00:00,0,0,52
2022-03-03T00:00:00,0.03,0,48
2022-03-04T00:00:00,0,0,37
2022-03-05T00:00:00,0,0,46
2022-03-06T00:00:00,0.06,0,68
2022-03-07T00:00:00,0.03,0,74
2022-03-08T00:00:00,0,0,50
2022-03-09T00:00:00,0.56,0.4,41
2022-03-10T00:00:00,0,0,51
2022-03-11T00:00:00,0,0,55
2022-03-12T00:00:00,0.5,0,48
2022-03-13T00:00:00,0,0,35
2022-03-14T00:00:00,0,0,56
2022-03-15T00:00:00,0,0,68
2022-03-16T00:00:00,0,0,67
2022-03-17T00:00:00,0.08,0,53
2022-03-18T00:00:00,0,0,74
2022-03-19T00:00:00,0.05,0,70
2022-03-20T00:00:00,0,0,61
2022-03-21T00:00:00,0,0,62
2022-03-22T00:00:00,0,0,58
2022-03-23T00:00:00,0.06,0,49
2022-03-24T00:00:00,0.93,0,47
2022-03-25T00:00:00,0.02,0,60
2022-03-26T00:00:00,0,0,53
2022-03-27T00:00:00,0,0,46
2022-03-28T00:00:00,0,0,33
2022-03-29T00:00:00,0,0,38
2022-03-30T00:00:00,0,0,47
2022-03-31T00:00:00,0.07,0,66
2022-04-01T00:00:00,0.28,0,61
2022-04-02T00:00:00,0,0,54
2022-04-03T00:00:00,0.12,0,48
2022-04-04T00:00:00,0,0,54
2022-04-05T00:00:00,0.04,0,57
2022-04-06T00:00:00,0.45,0,53
2022-04-07T00:00:00,1.12,0,54
2022-04-08T00:00:00,0.03,0,65
2022-04-09T00:00:00,0.05,0,55
2022-04-10T00:00:00,0,0,50
2022-04-11T00:00:00,0,0,61
2022-04-12T00:00:00,0.07,0,72
2022-04-13T00:00:00,0,0,71
2022-04-14T00:00:00,0.06,0,79
2022-04-15T00:00:00,0,0,70
2022-04-16T00:00:00,0.2,0,73
2022-04-17T00:00:00,0,0,51
2022-04-18T00:00:00,0.85,0,54
2022-04-19T00:00:00,1.24,0,50
2022-04-20T00:00:00,0,0,60
2022-04-21T00:00:00,0,0,59
2022-04-22T00:00:00,0,0,70
2022-04-23T00:00:00,0,0,65
2022-04-24T00:00:00,0,0,63
2022-04-25T00:00:00,0,0,58
2022-04-26T00:00:00,0.02,0,60
2022-04-27T00:00:00,0,0,58
2022-04-28T00:00:00,0,0,58
2022-04-29T00:00:00,0,0,63
2022-04-30T00:00:00,0,0,68
2022-05-01T00:00:00,0,0,69
2022-05-02T00:00:00,0.23,0,56
2022-05-03T00:00:00,0,0,62
2022-05-04T00:00:00,0.08,0,65
2022-05-05T00:00:00,0,0,74
2022-05-06T00:00:00,0.69,0,61
2022-05-07T00:00:00,0.92,0,50
2022-05-08T00:00:00,0,0,58
2022-05-09T00:00:00,0,0,70
2022-05-10T00:00:00,0,0,73
2022-05-11T00:00:00,0,0,75
2022-05-12T00:00:00,0,0,75
2022-05-13T00:00:00,0.03,0,72
2022-05-14T00:00:00,0.22,0,72
2022-05-15T00:00:00,0.1,0,76
2022-05-16T00:00:00,0.12,0,75
2022-05-17T00:00:00,0,0,77
2022-05-18T00:00:00,0.01,0,72
2022-05-19T00:00:00,0.73,0,66
2022-05-20T00:00:00,0.4,0,69
2022-05-21T00:00:00,0,0,90
2022-05-22T00:00:00,0,0,89
2022-05-23T00:00:00,0,0,73
2022-05-24T00:00:00,0,0,67
2022-05-25T00:00:00,0,0,70
2022-05-26T00:00:00,0,0,70
2022-05-27T00:00:00,0.27,0,80
2022-05-28T00:00:00,0.72,0,74
2022-05-29T00:00:00,0,0,77
2022-05-30T00:00:00,0,0,84
2022-05-31T00:00:00,0,0,93
2022-06-01T00:00:00,0.71,0,72
2022-06-02T00:00:00,0.45,0,79
2022-06-03T00:00:00,0,0,76
2022-06-04T00:00:00,0,0,80
2022-06-05T00:00:00,0,0,77
2022-06-06T00:00:00,0,0,80
2022-06-07T00:00:00,0.08,0,78
2022-06-08T00:00:00,0.03,0,82
2022-06-09T00:00:00,0.83,0,81
2022-06-10T00:00:00,0,0,77
2022-06-11T00:00:00,0,0,74
2022-06-12T00:00:00,0.05,0,72
2022-06-13T00:00:00,0,0,85
2022-06-14T00:00:00,0,0,81
2022-06-15T00:00:00,0,0,83
2022-06-16T00:00:00,0.32,0,71
2022-06-17T00:00:00,0,0,88
2022-06-18T00:00:00,0,0,75
2022-06-19T00:00:00,0,0,73
2022-06-20T00:00:00,0,0,78
2022-06-21T00:00:00,0.06,0,80
2022-06-22T00:00:00,0.02,0,67
2022-06-23T00:00:00,0.08,0,74
2022-06-24T00:00:00,0,0,81
2022-06-25T00:00:00,0,0,90
2022-06-26T00:00:00,0,0,89
2022-06-27T00:00:00,0.29,0,77
2022-06-28T00:00:00,0,0,79
2022-06-29T00:00:00,0,0,84
2022-06-30T00:00:00,0,0,86
2022-07-01T00:00:00,0,0,91
2022-07-02T00:00:00,0,0,87
2022-07-03T00:00:00,0,0,88
2022-07-04T00:00:00,0,0,85
2022-07-05T00:00:00,0.09,0,87
2022-07-06T00:00:00,0,0,85
2022-07-07T00:00:00,0,0,84
2022-07-08T00:00:00,0.24,0,83
2022-07-09T00:00:00,0,0,85
2022-07-10T00:00:00,0,0,83
2022-07-11T00:00:00,0,0,85
2022-07-12T00:00:00,0,0,90
2022-07-13T00:00:00,0,0,91
2022-07-14T00:00:00,0,0,90
2022-07-15T00:00:00,0,0,86
2022-07-16T00:00:00,1.11,0,85
2022-07-17T00:00:00,0,0,83
2022-07-18T00:00:00,1.85,0,81
2022-07-19T00:00:00,0,0,90
2022-07-20T00:00:00,0,0,95
2022-07-21T00:00:00,0.16,0,92
2022-07-22T00:00:00,0,0,94
2022-07-23T00:00:00,0,0,95
2022-07-24T00:00:00,0,0,95
2022-07-25T00:00:00,0.98,0,86
2022-07-26T00:00:00,0,0,81
2022-07-27T00:00:00,0,0,85
2022-07-28T00:00:00,0.02,0,87
2022-07-29T00:00:00,0.1,0,85
2022-07-30T00:00:00,0,0,87
2022-07-31T00:00:00,0,0,86
2022-08-01T00:00:00,0.48,0,77
2022-08-02T00:00:00,0,0,90
2022-08-03T00:00:00,0,0,89
2022-08-04T00:00:00,0,0,93
2022-08-05T00:00:00,0,0,89
2022-08-06T00:00:00,0,0,92
2022-08-07T00:00:00,0.16,0,92
2022-08-08T00:00:00,0,0,93
2022-08-09T00:00:00,0.03,0,97
2022-08-10T00:00:00,0,0,87
2022-08-11T00:00:00,0.11,0,89
2022-08-12T00:00:00,0,0,85
2022-08-13T00:00:00,0,0,79
2022-08-14T00:00:00,0,0,82
2022-08-15T00:00:00,0,0,83
2022-08-16T00:00:00,0,0,83
2022-08-17T00:00:00,0.34,0,81
2022-08-18T00:00:00,0,0,87
2022-08-19T00:00:00,0,0,90
2022-08-20T00:00:00,0,0,90
2022-08-21T00:00:00,0,0,82
2022-08-22T00:00:00,0.23,0,79
2022-08-23T00:00:00,0,0,86
2022-08-24T00:00:00,0,0,90
2022-08-25T00:00:00,0,0,91
2022-08-26T00:00:00,0.24,0,87
2022-08-27T00:00:00,0,0,90
2022-08-28T00:00:00,0,0,82
2022-08-29T00:00:00,0,0,85
2022-08-30T00:00:00,0.12,0,89
2022-08-31T00:00:00,0,0,85
2022-09-01T00:00:00,0,0,86
2022-09-02T00:00:00,0,0,79
2022-09-03T00:00:00,0,0,82
2022-09-04T00:00:00,0,0,90
2022-09-05T00:00:00,0.06,0,88
2022-09-06T00:00:00,0.78,0,74
2022-09-07T00:00:00,0,0,72
2022-09-08T00:00:00,0,0,78
2022-09-09T00:00:00,0,0,80
2022-09-10T00:00:00,0,0,86
2022-09-11T00:00:00,0.32,0,76
2022-09-12T00:00:00,0.81,0,81
2022-09-13T00:00:00,0.41,0,82
2022-09-14T00:00:00,0,0,80
2022-09-15T00:00:00,0,0,74
2022-09-16T00:00:00,0,0,75
2022-09-17T00:00:00,0,0,76
2022-09-18T00:00:00,0,0,83
2022-09-19T00:00:00,0.14,0,85
2022-09-20T00:00:00,0,0,79
2022-09-21T00:00:00,0,0,80
2022-09-22T00:00:00,0.47,0,75
2022-09-23T00:00:00,0,0,63
2022-09-24T00:00:00,0,0,69
2022-09-25T00:00:00,1.11,0,72
2022-09-26T00:00:00,0,0,74
2022-09-27T00:00:00,0,0,70
2022-09-28T00:00:00,0,0,69
2022-09-29T00:00:00,0,0,66
2022-09-30T00:00:00,0,0,62
2022-10-01T00:00:00,0.59,0,61
2022-10-02T00:00:00,0,0,60
2022-10-03T00:00:00,0.47,0,53
2022-10-04T00:00:00,1.85,0,55
2022-10-05T00:00:00,0.37,0,59
2022-10-06T00:00:00,0,0,74
2022-10-07T00:00:00,0,0,76
2022-10-08T00:00:00,0.03,0,58
2022-10-09T00:00:00,0,0,61
2022-10-10T00:00:00,0,0,67
2022-10-11T00:00:00,0,0,70
2022-10-12T00:00:00,0,0,70
2022-10-13T00:00:00,0.8,0,69
2022-10-14T00:00:00,0.19,0,67
2022-10-15T00:00:00,0,0,68
2022-10-16T00:00:00,0,0,64
2022-10-17T00:00:00,0.14,0,66
2022-10-18T00:00:00,0,0,56
2022-10-19T00:00:00,0,0,54
2022-10-20T00:00:00,0,0,58
2022-10-21T00:00:00,0,0,62
2022-10-22T00:00:00,0,0,66
2022-10-23T00:00:00,0.02,0,61
2022-10-24T00:00:00,0.52,0,61
2022-10-25T00:00:00,0,0,70
2022-10-26T00:00:00,0,0,72
2022-10-27T00:00:00,0,0,65
2022-10-28T00:00:00,0,0,56
2022-10-29T00:00:00,0,0,58
2022-10-30T00:00:00,0,0,63
2022-10-31T00:00:00,0.1,0,65
2022-11-01T00:00:00,0.08,0,67
2022-11-02T00:00:00,0,0,70
2022-11-03T00:00:00,0,0,67
2022-11-04T00:00:00,0,0,70
2022-11-05T00:00:00,0,0,76
2022-11-06T00:00:00,0,0,75
2022-11-07T00:00:00,0,0,77
2022-11-08T00:00:00,0,0,58
2022-11-09T00:00:00,0,0,53
2022-11-10T00:00:00,0,0,66
2022-11-11T00:00:00,0.89,0,68
2022-11-12T00:00:00,0.08,0,69
2022-11-13T00:00:00,0.04,0,61
2022-11-14T00:00:00,0,0,45
2022-11-15T00:00:00,0.56,0,46
2022-11-16T00:00:00,0.28,0,50
2022-11-17T00:00:00,0,0,46
2022-11-18T00:00:00,0,0,44
2022-11-19T00:00:00,0,0,40
2022-11-20T00:00:00,0,0,40
2022-11-21T00:00:00,0,0,41
2022-11-22T00:00:00,0,0,51
2022-11-23T00:00:00,0,0,55
2022-11-24T00:00:00,0,0,54
2022-11-25T00:00:00,0.02,0,55
2022-11-26T00:00:00,0,0,57
2022-11-27T00:00:00,0.7,0,60
2022-11-28T00:00:00,0,0,54
2022-11-29T00:00:00,0,0,44
2022-11-30T00:00:00,0.5,0,58
2022-12-01T00:00:00,0,0,43
2022-12-02T00:00:00,0,0,47
2022-12-03T00:00:00,0.49,0,58
2022-12-04T00:00:00,0,0,45
2022-12-05T00:00:00,0,0,48
2022-12-06T00:00:00,1.05,0,58
2022-12-07T00:00:00,0.26,0,59
2022-12-08T00:00:00,0,0,55
2022-12-09T00:00:00,0,0,45
2022-12-10T00:00:00,0,0,39
2022-12-11T00:00:00,0.32,0,40
2022-12-12T00:00:00,0.01,0,38
2022-12-13T00:00:00,0,0,40
2022-12-14T00:00:00,0,0,39
2022-12-15T00:00:00,0.51,0,42
2022-12-16T00:00:00,0.85,0,44
2022-12-17T00:00:00,0,0,44
2022-12-18T00:00:00,0,0,40
2022-12-19T00:00:00,0,0,39
2022-12-20T00:00:00,0,0,39
2022-12-21T00:00:00,0,0,40
2022-12-22T00:00:00,0.23,0,47
2022-12-23T00:00:00,1.83,0,58
2022-12-24T00:00:00,0,0,15
2022-12-25T00:00:00,0,0,28
2022-12-26T00:00:00,0,0,29
2022-12-27T00:00:00,0,0,35
2022-12-28T00:00:00,0,0,47
2022-12-29T00:00:00,0,0,51
2022-12-30T00:00:00,0,0,62
2022-12-31T00:00:00,0.28,0,55
2023-01-01T00:00:00,0,0,55
2023-01-02T00:00:00,0.02,0,56
2023-01-03T00:00:00,0.42,0,58
2023-01-04T00:00:00,0.02,0,66
2023-01-05T00:00:00,0.01,0,50
2023-01-06T00:00:00,0.27,0,49
2023-01-07T00:00:00,0,0,45
2023-01-08T00:00:00,0,0,41
2023-01-09T00:00:00,0.01,0,44
2023-01-10T00:00:00,0,0,41
2023-01-11T00:00:00,0,0,39
2023-01-12T00:00:00,0.3,0,55
2023-01-13T00:00:00,0.09,0,57
2023-01-14T00:00:00,0,0,38
2023-01-15T00:00:00,0,0,41
2023-01-16T00:00:00,0,0,48
2023-01-17T00:00:00,0,0,47
2023-01-18T00:00:00,0.05,0,53
2023-01-19T00:00:00,0.87,0,44
2023-01-20T00:00:00,0,0,49
2023-01-21T00:00:00,0,0,42
2023-01-22T00:00:00,0.51,0,42
2023-01-23T00:00:00,0.41,0,39
2023-01-24T00:00:00,0,0,46
2023-01-25T00:00:00,0.9,0,54
2023-01-26T00:00:00,0.44,0,57
2023-01-27T00:00:00,0,0,44
2023-01-28T00:00:00,0,0,52
2023-01-29T00:00:00,0,0,53
2023-01-30T00:00:00,0,0,55
2023-01-31T00:00:00,0.06,0,50
2023-02-01T00:00:00,0.02,0.4,38
2023-02-02T00:00:00,0,0,40
2023-02-03T00:00:00,0,0,35
2023-02-04T00:00:00,0,0,27
2023-02-05T00:00:00,0,0,49
2023-02-06T00:00:00,0,0,52
2023-02-07T00:00:00,0.02,0,43
2023-02-08T00:00:00,0,0,53
2023-02-09T00:00:00,0,0,55
2023-02-10T00:00:00,0,0,61
2023-02-11T00:00:00,0,0,46
2023-02-12T00:00:00,0.01,0,48
2023-02-13T00:00:00,0,0,57
2023-02-14T00:00:00,0,0,54
2023-02-15T00:00:00,0,0,67
2023-02-16T00:00:00,0.07,0,70
2023-02-17T00:00:00,0.18,0,61
2023-02-18T00:00:00,0,0,43
2023-02-19T00:00:00,0,0,50
2023-02-20T00:00:00,0,0,61
2023-02-21T00:00:00,0.27,0,50
2023-02-22T00:00:00,0.14,0,44
2023-02-23T00:00:00,0.02,0,44
2023-02-24T00:00:00,0,0,45
2023-02-25T00:00:00,0,0,33
2023-02-26T00:00:00,0,0,50
2023-02-27T00:00:00,0.21,0.9,46
2023-02-28T00:00:00,0.34,0.9,38
2023-03-01T00:00:00,0,0,44
2023-03-02T00:00:00,0,0,54
2023-03-03T00:00:00,0.15,0,47
2023-03-04T00:00:00,0.99,0,45
2023-03-05T00:00:00,0,0,53
2023-03-06T00:00:00,0,0,52
2023-03-07T00:00:00,0.06,0.1,47
2023-03-08T00:00:00,0,0,48
2023-03-09T00:00:00,0,0,51
2023-03-10T00:00:00,0.36,0,46
2023-03-11T00:00:00,0.4,0,45
2023-03-12T00:00:00,0,0,48
2023-03-13T00:00:00,0.67,0,45
2023-03-14T00:00:00,0.13,0,38
2023-03-15T00:00:00,0,0,45
2023-03-16T00:00:00,0,0,59
2023-03-17T00:00:00,0,0,60
2023-03-18T00:00:00,0.02,0,56
2023-03-19T00:00:00,0,0,40
2023-03-20T00:00:00,0,0,51
2023-03-21T00:00:00,0,0,63
2023-03-22T00:00:00,0,0,62
2023-03-23T00:00:00,0.09,0,60
2023-03-24T00:00:00,0,0,55
2023-03-25T00:00:00,0.15,0,47
2023-03-26T00:00:00,0,0,63
2023-03-27T00:00:00,0.29,0,62
2023-03-28T00:00:00,0,0,52
2023-03-29T00:00:00,0,0,55
2023-03-30T00:00:00,0.01,0,46
2023-03-31T00:00:00,0,0,57
2023-04-01T00:00:00,0.38,0,72
2023-04-02T00:00:00,0,0,51
2023-04-03T00:00:00,0,0,59
2023-04-04T00:00:00,0,0,73
2023-04-05T00:00:00,0,0,57
2023-04-06T00:00:00,0,0,80
2023-04-07T00:00:00,0,0,60
2023-04-08T00:00:00,0,0,54
2023-04-09T00:00:00,0,0,57
2023-04-10T00:00:00,0,0,68
2023-04-11T00:00:00,0,0,75
2023-04-12T00:00:00,0,0,84
2023-04-13T00:00:00,0,0,90
2023-04-14T00:00:00,0,0,91
2023-04-15T00:00:00,0.02,0,75
2023-04-16T00:00:00,0,0,71
2023-04-17T00:00:00,0,0,68
2023-04-18T00:00:00,0,0,57
2023-04-19T00:00:00,0,0,64
2023-04-20T00:00:00,0,0,66
2023-04-21T00:00:00,0,0,71
2023-04-22T00:00:00,0.68,0,67
2023-04-23T00:00:00,1.51,0,69
2023-04-24T00:00:00,0,0,62
2023-04-25T00:00:00,0,0,60
2023-04-26T00:00:00,0,0,60
2023-04-27T00:00:00,0,0,57
2023-04-28T00:00:00,0.33,0,56
2023-04-29T00:00:00,2.46,0,53
2023-04-30T00:00:00,2.32,0,60
2023-05-01T00:00:00,0.09,0,61
2023-05-02T00:00:00,0.25,0,56
2023-05-03T00:00:00,0,0,57
2023-05-04T00:00:00,0.05,0,55
2023-05-05T00:00:00,0,0,66
2023-05-06T00:00:00,0,0,73
2023-05-07T00:00:00,0.02,0,78
2023-05-08T00:00:00,0,0,77
2023-05-09T00:00:00,0,0,71
2023-05-10T00:00:00,0,0,73
2023-05-11T00:00:00,0,0,80
2023-05-12T00:00:00,0,0,87
2023-05-13T00:00:00,0,0,82
2023-05-14T00:00:00,0,0,74
2023-05-15T00:00:00,0,0,74
2023-05-16T00:00:00,0,0,79
2023-05-17T00:00:00,0,0,69
2023-05-18T00:00:00,0,0,61
2023-05-19T00:00:00,0,0,70
2023-05-20T00:00:00,0.77,0,65
2023-05-21T00:00:00,0.02,0,70
2023-05-22T00:00:00,0,0,75
2023-05-23T00:00:00,0,0,70
2023-05-24T00:00:00,0.08,0,77
2023-05-25T00:00:00,0,0,68
2023-05-26T00:00:00,0,0,72
2023-05-27T00:00:00,0,0,78
2023-05-28T00:00:00,0,0,79
2023-05-29T00:00:00,0,0,79
2023-05-30T00:00:00,0,0,72
2023-05-31T00:00:00,0,0,77
2023-06-01T00:00:00,0,0,87
2023-06-02T00:00:00,0.24,0,91
2023-06-03T00:00:00,0,0,69
2023-06-04T00:00:00,0,0,69
2023-06-05T00:00:00,0,0,76
2023-06-06T00:00:00,0,0,79
2023-06-07T00:00:00,0,0,69
2023-06-08T00:00:00,0,0,72
2023-06-09T00:00:00,0,0,72
2023-06-10T00:00:00,0,0,78
2023-06-11T00:00:00,0.01,0,82
2023-06-12T00:00:00,0.3,0,78
2023-06-13T00:00:00,0,0,78
2023-06-14T00:00:00,0.14,0,76
2023-06-15T00:00:00,0,0,77
2023-06-16T00:00:00,0.23,0,79
2023-06-17T00:00:00,0,0,77
2023-06-18T00:00:00,0,0,80
2023-06-19T00:00:00,0,0,81
2023-06-20T00:00:00,0,0,78
2023-06-21T00:00:00,0,0,73
2023-06-22T00:00:00,0,0,72
2023-06-23T00:00:00,0.04,0,71
2023-06-24T00:00:00,0.07,0,78
2023-06-25T00:00:00,0,0,85
2023-06-26T00:00:00,0.51,0,78
2023-06-27T00:00:00,0.08,0,79
2023-06-28T00:00:00,0,0,82
2023-06-29T00:00:00,0,0,82
2023-06-30T00:00:00,0,0,84
2023-07-01T00:00:00,0,0,82
2023-07-02T00:00:00,0.58,0,88
2023-07-03T00:00:00,0.45,0,89
2023-07-04T00:00:00,0.63,0,83
2023-07-05T00:00:00,0,0,93
2023-07-06T00:00:00,0,0,90
2023-07-07T00:00:00,0,0,87
2023-07-08T00:00:00,0,0,88
2023-07-09T00:00:00,0.98,0,82
2023-07-10T00:00:00,0,0,84
2023-07-11T00:00:00,0,0,89
2023-07-12T00:00:00,0,0,91
2023-07-13T00:00:00,0,0,88
2023-07-14T00:00:00,0.48,0,84
2023-07-15T00:00:00,0.04,0,88
2023-07-16T00:00:00,1.32,0,78
2023-07-17T00:00:00,0,0,88
2023-07-18T00:00:00,0.22,0,84
2023-07-19T00:00:00,0,0,80
2023-07-20T00:00:00,0,0,88
2023-07-21T00:00:00,0.15,0,84
2023-07-22T00:00:00,0,0,85
2023-07-23T00:00:00,0,0,88
2023-07-24T00:00:00,0,0,85
2023-07-25T00:00:00,0.28,0,86
2023-07-26T00:00:00,0,0,87
2023-07-27T00:00:00,0.15,0,92
2023-07-28T00:00:00,0,0,92
2023-07-29T00:00:00,0.06,0,89
2023-07-30T00:00:00,0,0,80
2023-07-31T00:00:00,0,0,85
2023-08-01T00:00:00,0,0,82
2023-08-02T00:00:00,0,0,81
2023-08-03T00:00:00,0,0,80
2023-08-04T00:00:00,0,0,77
2023-08-05T00:00:00,0,0,87
2023-08-06T00:00:00,0,0,87
2023-08-07T00:00:00,1.12,0,81
2023-08-08T00:00:00,0.01,0,80
2023-08-09T00:00:00,0,0,86
2023-08-10T00:00:00,0.48,0,81
2023-08-11T00:00:00,0,0,85
2023-08-12T00:00:00,0,0,85
2023-08-13T00:00:00,0.69,0,88
2023-08-14T00:00:00,0.02,0,87
2023-08-15T00:00:00,0.77,0,80
2023-08-16T00:00:00,1.33,0,82
2023-08-17T00:00:00,0,0,79
2023-08-18T00:00:00,0.77,0,80
2023-08-19T00:00:00,0,0,78
2023-08-20T00:00:00,0,0,85
2023-08-21T00:00:00,0,0,88
2023-08-22T00:00:00,0,0,79
2023-08-23T00:00:00,0,0,80
2023-08-24T00:00:00,0.14,0,73
2023-08-25T00:00:00,0.44,0,78
2023-08-26T00:00:00,0.52,0,84
2023-08-27T00:00:00,0,0,84
2023-08-28T00:00:00,0,0,76
2023-08-29T00:00:00,0,0,80
2023-08-30T00:00:00,0.27,0,83
2023-08-31T00:00:00,0,0,77
2023-09-01T00:00:00,0,0,76
2023-09-02T00:00:00,0,0,79
2023-09-03T00:00:00,0,0,88
2023-09-04T00:00:00,0,0,89
2023-09-05T00:00:00,0,0,92
2023-09-06T00:00:00,0,0,93
2023-09-07T00:00:00,0,0,93
2023-09-08T00:00:00,0.1,0,90
2023-09-09T00:00:00,0.02,0,84
2023-09-10T00:00:00,1.8,0,77
2023-09-11T00:00:00,1.66,0,82
2023-09-12T00:00:00,0,0,82
2023-09-13T00:00:00,0.22,0,79
2023-09-14T00:00:00,0,0,77
2023-09-15T00:00:00,0,0,69
2023-09-16T00:00:00,0,0,75
2023-09-17T00:00:00,0.21,0,77
2023-09-18T00:00:00,1.34,0,68
2023-09-19T00:00:00,0,0,72
2023-09-20T00:00:00,0,0,74
2023-09-21T00:00:00,0,0,71
2023-09-22T00:00:00,0,0,71
2023-09-23T00:00:00,0.96,0,63
2023-09-24T00:00:00,1.25,0,66
2023-09-25T00:00:00,0.59,0,66
2023-09-26T00:00:00,0.2,0,60
2023-09-27T00:00:00,0,0,64
2023-09-28T00:00:00,0.38,0,65
2023-09-29T00:00:00,5.48,0,63
2023-09-30T00:00:00,0.04,0,66
2023-10-01T00:00:00,0,0,76
2023-10-02T00:00:00,0,0,77
2023-10-03T00:00:00,0,0,80
2023-10-04T00:00:00,0,0,83
2023-10-05T00:00:00,0,0,77
2023-10-06T00:00:00,0.14,0,71
2023-10-07T00:00:00,0.35,0,69
2023-10-08T00:00:00,0,0,59
2023-10-09T00:00:00,0,0,60
2023-10-10T00:00:00,0.02,0,63
2023-10-11T00:00:00,0,0,69
2023-10-12T00:00:00,0,0,69
2023-10-13T00:00:00,0,0,63
2023-10-14T00:00:00,0.81,0,56
2023-10-15T00:00:00,0.01,0,60
2023-10-16T00:00:00,0,0,63
2023-10-17T00:00:00,0,0,61
2023-10-18T00:00:00,0,0,63
2023-10-19T00:00:00,0,0,64
2023-10-20T00:00:00,0.84,0,63
2023-10-21T00:00:00,0.67,0,63
2023-10-22T00:00:00,0,0,57
2023-10-23T00:00:00,0,0,60
2023-10-24T00:00:00,0,0,65
2023-10-25T00:00:00,0,0,72
2023-10-26T00:00:00,0,0,77
2023-10-27T00:00:00,0,0,74
2023-10-28T00:00:00,0,0,80
2023-10-29T00:00:00,0.47,0,63
2023-10-30T00:00:00,0.59,0,60
2023-10-31T00:00:00,0,0,51
2023-11-01T00:00:00,0.01,0,49
2023-11-02T00:00:00,0,0,48
2023-11-03T00:00:00,0,0,55
2023-11-04T00:00:00,0,0,61
2023-11-05T00:00:00,0,0,65
2023-11-06T00:00:00,0,0,56
2023-11-07T00:00:00,0.06,0,64
2023-11-08T00:00:00,0,0,54
2023-11-09T00:00:00,0,0,57
2023-11-10T00:00:00,0,0,53
2023-11-11T00:00:00,0,0,55
2023-11-12T00:00:00,0,0,44
2023-11-13T00:00:00,0,0,49
2023-11-14T00:00:00,0,0,53
2023-11-15T00:00:00,0,0,53
2023-11-16T00:00:00,0,0,65
2023-11-17T00:00:00,0,0,67
2023-11-18T00:00:00,0,0,63
2023-11-19T00:00:00,0,0,55
2023-11-20T00:00:00,0,0,46
2023-11-21T00:00:00,0.59,0,48
2023-11-22T00:00:00,1.93,0,54
2023-11-23T00:00:00,0,0,52
2023-11-24T00:00:00,0,0,51
2023-11-25T00:00:00,0,0,40
2023-11-26T00:00:00,0.28,0,56
2023-11-27T00:00:00,0.08,0,56
2023-11-28T00:00:00,0,0,41
2023-11-29T00:00:00,0,0,38
2023-11-30T00:00:00,0,0,51
2023-12-01T00:00:00,0.41,0,51
2023-12-02T00:00:00,0,0,60
2023-12-03T00:00:00,0.55,0,53
2023-12-04T00:00:00,0,0,54
2023-12-05T00:00:00,0,0,43
2023-12-06T00:00:00,0,0,43
2023-12-07T00:00:00,0,0,39
2023-12-08T00:00:00,0,0,51
2023-12-09T00:00:00,0,0,59
2023-12-10T00:00:00,1.12,0,61
2023-12-11T00:00:00,0.55,0,50
2023-12-12T00:00:00,0,0,44
2023-12-13T00:00:00,0,0,47
2023-12-14T00:00:00,0,0,41
2023-12-15T00:00:00,0,0,58
2023-12-16T00:00:00,0,0,54
2023-12-17T00:00:00,0.26,0,59
2023-12-18T00:00:00,2.21,0,62
2023-12-19T00:00:00,0,0,44
2023-12-20T00:00:00,0,0,46
2023-12-21T00:00:00,0,0,42
2023-12-22T00:00:00,0,0,37
2023-12-23T00:00:00,0,0,44
2023-12-24T00:00:00,0.02,0,49
2023-12-25T00:00:00,0,0,49
2023-12-26T00:00:00,0,0,51
2023-12-27T00:00:00,0.32,0,50
2023-12-28T00:00:00,1.22,0,55
2023-12-29T00:00:00,0.05,0,55
2023-12-30T00:00:00,0,0,46
2023-12-31T00:00:00,0,0,43
2024-01-01T00:00:00,0.03,0,47
2024-01-02T00:00:00,0,0,42
2024-01-03T00:00:00,0,0,43
2024-01-04T00:00:00,0,0,45
2024-01-05T00:00:00,0,0,37
2024-01-06T00:00:00,0.41,0.2,38
2024-01-07T00:00:00,0.24,0,38
2024-01-08T00:00:00,0,0,45
2024-01-09T00:00:00,1.73,0,57
2024-01-10T00:00:00,0.22,0,57
2024-01-11T00:00:00,0,0,47
2024-01-12T00:00:00,0.08,0,50
2024-01-13T00:00:00,0.81,0,60
2024-01-14T00:00:00,0,0,44
2024-01-15T00:00:00,0.04,0.4,29
2024-01-16T00:00:00,0.28,1.3,32
2024-01-17T00:00:00,0,0,24
2024-01-18T00:00:00,0,0,34
2024-01-19T00:00:00,0.04,0.4,32
2024-01-20T00:00:00,0,0,26
2024-01-21T00:00:00,0,0,31
2024-01-22T00:00:00,0,0,38
2024-01-23T00:00:00,0.05,0,40
2024-01-24T00:00:00,0.05,0,48
2024-01-25T00:00:00,0.24,0,59
2024-01-26T00:00:00,0.19,0,46
2024-01-27T00:00:00,0,0,49
2024-01-28T00:00:00,0.82,0,44
2024-01-29T00:00:00,0.05,0,40
2024-01-30T00:00:00,0,0,38
2024-01-31T00:00:00,0,0,40
2024-02-01T00:00:00,0,0,46
2024-02-02T00:00:00,0.32,0,46
2024-02-03T00:00:00,0,0,43
2024-02-04T00:00:00,0,0,46
2024-02-05T00:00:00,0,0,45
2024-02-06T00:00:00,0,0,42
2024-02-07T00:00:00,0,0,48
2024-02-08T00:00:00,0,0,53
2024-02-09T00:00:00,0,0,55
2024-02-10T00:00:00,0,0,60
2024-02-11T00:00:00,0,0,56
2024-02-12T00:00:00,0,0,48
2024-02-13T00:00:00,0.77,3.2,41
2024-02-14T00:00:00,0,0,38
2024-02-15T00:00:00,0,0,39
2024-02-16T00:00:00,0,0,43
2024-02-17T00:00:00,0.18,2,36
2024-02-18T00:00:00,0,0,40
2024-02-19T00:00:00,0,0,41
2024-02-20T00:00:00,0,0,40
2024-02-21T00:00:00,0,0,43
2024-02-22T00:00:00,0.04,0,45
2024-02-23T00:00:00,0.04,0,47
2024-02-24T00:00:00,0,0,44
2024-02-25T00:00:00,0,0,41
2024-02-26T00:00:00,0.01,0,55
2024-02-27T00:00:00,0.52,0,55
2024-02-28T00:00:00,0.17,0,62
2024-02-29T00:00:00,0,0,43
2024-03-01T00:00:00,0,0,48
2024-03-02T00:00:00,1.27,0,55
2024-03-03T00:00:00,0,0,68
2024-03-04T00:00:00,0,0,59
2024-03-05T00:00:00,0.43,0,49
2024-03-06T00:00:00,1.2,0,53
2024-03-07T00:00:00,0.11,0,54
2024-03-08T00:00:00,0,0,57
2024-03-09T00:00:00,1.53,0,49
2024-03-10T00:00:00,0.03,0,51
2024-03-11T00:00:00,0,0,52
2024-03-12T00:00:00,0,0,66
2024-03-13T00:00:00,0,0,62
2024-03-14T00:00:00,0,0,74
2024-03-15T00:00:00,0,0,73
2024-03-16T00:00:00,0,0,61
2024-03-17T00:00:00,0,0,63
2024-03-18T00:00:00,0,0,51
2024-03-19T00:00:00,0,0,48
2024-03-20T00:00:00,0.01,0,57
2024-03-21T00:00:00,0,0,43
2024-03-22T00:00:00,0,0,46
2024-03-23T00:00:00,3.66,0,50
2024-03-24T00:00:00,0,0,48
2024-03-25T00:00:00,0,0,53
2024-03-26T00:00:00,0,0,53
2024-03-27T00:00:00,0.06,0,52
2024-03-28T00:00:00,0.7,0,51
2024-03-29T00:00:00,0,0,56
2024-03-30T00:00:00,0.04,0,62
2024-03-31T00:00:00,0.02,0,62
2024-04-01T00:00:00,0.01,0,54
2024-04-02T00:00:00,0.87,0,51
2024-04-03T00:00:00,1.55,0,45
2024-04-04T00:00:00,0.21,0,53
2024-04-05T00:00:00,0,0,50
2024-04-06T00:00:00,0,0,54
2024-04-07T00:00:00,0,0,60
2024-04-08T00:00:00,0,0,69
2024-04-09T00:00:00,0,0,80
2024-04-10T00:00:00,0,0,67
2024-04-11T00:00:00,0.24,0,61
2024-04-12T00:00:00,0.34,0,63
2024-04-13T00:00:00,0.01,0,56
2024-04-14T00:00:00,0.1,0,75
2024-04-15T00:00:00,0,0,82
2024-04-16T00:00:00,0,0,73
2024-04-17T00:00:00,0.02,0,62
2024-04-18T00:00:00,0.01,0,50
2024-04-19T00:00:00,0,0,60
2024-04-20T00:00:00,0.05,0,71
2024-04-21T00:00:00,0,0,54
2024-04-22T00:00:00,0,0,64
2024-04-23T00:00:00,0,0,65
2024-04-24T00:00:00,0,0,74
2024-04-25T00:00:00,0,0,60
2024-04-26T00:00:00,0,0,65
2024-04-27T00:00:00,0,0,64
2024-04-28T00:00:00,0.01,0,79
2024-04-29T00:00:00,0.02,0,87
2024-04-30T00:00:00,0.03,0,66
2024-05-01T00:00:00,0.02,0,80
2024-05-02T00:00:00,0,0,79
2024-05-03T00:00:00,0,0,65
2024-05-04T00:00:00,0,0,63
2024-05-05T00:00:00,0.31,0,54
2024-05-06T00:00:00,0,0,74
2024-05-07T00:00:00,0,0,80
2024-05-08T00:00:00,0.21,0,84
2024-05-09T00:00:00,0,0,70
2024-05-10T00:00:00,0.23,0,56
2024-05-11T00:00:00,0,0,64
2024-05-12T00:00:00,0.15,0,57
2024-05-13T00:00:00,0,0,65
2024-05-14T00:00:00,0.03,0,72
2024-05-15T00:00:00,0.28,0,64
2024-05-16T00:00:00,0.27,0,64
2024-05-17T00:00:00,0,0,72
2024-05-18T00:00:00,0.04,0,69
2024-05-19T00:00:00,0,0,75
2024-05-20T00:00:00,0,0,74
2024-05-21T00:00:00,0,0,83
2024-05-22T00:00:00,0,0,84
2024-05-23T00:00:00,0.78,0,79
2024-05-24T00:00:00,0,0,84
2024-05-25T00:00:00,0,0,81
2024-05-26T00:00:00,0,0,82
2024-05-27T00:00:00,0.96,0,73
2024-05-28T00:00:00,0,0,79
2024-05-29T00:00:00,0.65,0,76
2024-05-30T00:00:00,0.18,0,71
2024-05-31T00:00:00,0,0,75
2024-06-01T00:00:00,0,0,83
2024-06-02T00:00:00,0,0,81
2024-06-03T00:00:00,0,0,86
2024-06-04T00:00:00,0,0,79
2024-06-05T00:00:00,0,0,79
2024-06-06T00:00:00,0.77,0,81
2024-06-07T00:00:00,0,0,82
2024-06-08T00:00:00,0,0,76
2024-06-09T00:00:00,0,0,74
2024-06-10T00:00:00,0,0,75
2024-06-11T00:00:00,0,0,73
2024-06-12T00:00:00,0,0,76
2024-06-13T00:00:00,0,0,84
2024-06-14T00:00:00,0.28,0,85
2024-06-15T00:00:00,0,0,80
2024-06-16T00:00:00,0,0,78
2024-06-17T00:00:00,0,0,83
2024-06-18T00:00:00,0,0,86
2024-06-19T00:00:00,0,0,89
2024-06-20T00:00:00,0,0,91
2024-06-21T00:00:00,0,0,94
2024-06-22T00:00:00,0.11,0,93
2024-06-23T00:00:00,0,0,92
2024-06-24T00:00:00,0,0,80
2024-06-25T00:00:00,0,0,90
2024-06-26T00:00:00,0.08,0,93
2024-06-27T00:00:00,0.23,0,84
2024-06-28T00:00:00,0,0,79
2024-06-29T00:00:00,0.06,0,79
2024-06-30T00:00:00,0.18,0,85
2024-07-01T00:00:00,0,0,81
2024-07-02T00:00:00,0,0,86
2024-07-03T00:00:00,0,0,83
2024-07-04T00:00:00,0.04,0,89
2024-07-05T00:00:00,0.1,0,90
2024-07-06T00:00:00,0.05,0,92
2024-07-07T00:00:00,0,0,93
2024-07-08T00:00:00,0,0,95
2024-07-09T00:00:00,0,0,89
2024-07-10T00:00:00,0,0,91
2024-07-11T00:00:00,0.11,0,89
2024-07-12T00:00:00,0.06,0,84
2024-07-13T00:00:00,2.06,0,87
2024-07-14T00:00:00,0,0,90
2024-07-15T00:00:00,0.12,0,91
2024-07-16T00:00:00,0,0,94
2024-07-17T00:00:00,1.46,0,90
2024-07-18T00:00:00,0,0,86
2024-07-19T00:00:00,0,0,83
2024-07-20T00:00:00,0,0,83
2024-07-21T00:00:00,0,0,88
2024-07-22T00:00:00,0.01,0,84
2024-07-23T00:00:00,0.11,0,81
2024-07-24T00:00:00,0,0,81
2024-07-25T00:00:00,0,0,83
2024-07-26T00:00:00,0,0,84
2024-07-27T00:00:00,0,0,87
2024-07-28T00:00:00,0,0,89
2024-07-29T00:00:00,0.05,0,84
2024-07-30T00:00:00,0,0,88
2024-07-31T00:00:00,0.03,0,89
2024-08-01T00:00:00,0,0,95
2024-08-02T00:00:00,0.52,0,92
2024-08-03T00:00:00,0.73,0,93
2024-08-04T00:00:00,0.17,0,83
2024-08-05T00:00:00,0,0,90
2024-08-06T00:00:00,2.08,0,90
2024-08-07T00:00:00,0.13,0,72
2024-08-08T00:00:00,0.36,0,70
2024-08-09T00:00:00,0.11,0,80
2024-08-10T00:00:00,0,0,85
2024-08-11T00:00:00,0,0,80
2024-08-12T00:00:00,0,0,81
2024-08-13T00:00:00,0,0,81
2024-08-14T00:00:00,0,0,85
2024-08-15T00:00:00,0,0,86
2024-08-16T00:00:00,0,0,87
2024-08-17T00:00:00,0.04,0,79
2024-08-18T00:00:00,2.29,0,81
2024-08-19T00:00:00,0.25,0,84
2024-08-20T00:00:00,0,0,72
2024-08-21T00:00:00,0,0,73
2024-08-22T00:00:00,0,0,76
2024-08-23T00:00:00,0,0,80
2024-08-24T00:00:00,0,0,83
2024-08-25T00:00:00,0,0,85
2024-08-26T00:00:00,0.04,0,85
2024-08-27T00:00:00,0,0,86
2024-08-28T00:00:00,0,0,91
2024-08-29T00:00:00,0,0,82
2024-08-30T00:00:00,0.3,0,74
2024-08-31T00:00:00,0,0,77
2024-09-01T00:00:00,0,0,81
2024-09-02T00:00:00,0,0,79
2024-09-03T00:00:00,0,0,74
2024-09-04T00:00:00,0,0,77
2024-09-05T00:00:00,0,0,77
2024-09-06T00:00:00,0,0,78
2024-09-07T00:00:00,0.24,0,76
2024-09-08T00:00:00,0,0,69
2024-09-09T00:00:00,0,0,75
2024-09-10T00:00:00,0,0,78
2024-09-11T00:00:00,0,0,79
2024-09-12T00:00:00,0,0,80
2024-09-13T00:00:00,0,0,82
2024-09-14T00:00:00,0,0,83
2024-09-15T00:00:00,0,0,80
2024-09-16T00:00:00,0,0,77
2024-09-17T00:00:00,0,0,79
2024-09-18T00:00:00,0,0,75
2024-09-19T00:00:00,0,0,84
2024-09-20T00:00:00,0,0,81
2024-09-21T00:00:00,0,0,79
2024-09-22T00:00:00,0,0,74
2024-09-23T00:00:00,0.04,0,67
2024-09-24T00:00:00,0,0,68
2024-09-25T00:00:00,0,0,68
2024-09-26T00:00:00,0.08,0,74
2024-09-27T00:00:00,0.18,0,74
2024-09-28T00:00:00,0.26,0,68
2024-09-29T00:00:00,0.78,0,63
2024-09-30T00:00:00,0,0,72
2024-10-01T00:00:00,0,0,69
2024-10-02T00:00:00,0,0,68
2024-10-03T00:00:00,0,0,72
2024-10-04T00:00:00,0,0,73
2024-10-05T00:00:00,0,0,75
2024-10-06T00:00:00,0,0,71
2024-10-07T00:00:00,0,0,75
2024-10-08T00:00:00,0,0,68
2024-10-09T00:00:00,0,0,68
2024-10-10T00:00:00,0,0,62
2024-10-11T00:00:00,0,0,68
2024-10-12T00:00:00,0,0,74
2024-10-13T00:00:00,0,0,69
2024-10-14T00:00:00,0,0,66
2024-10-15T00:00:00,0,0,57
2024-10-16T00:00:00,0,0,59
2024-10-17T00:00:00,0,0,58
2024-10-18T00:00:00,0,0,66
2024-10-19T00:00:00,0,0,71
2024-10-20T00:00:00,0,0,73
2024-10-21T00:00:00,0,0,79
2024-10-22T00:00:00,0,0,81
2024-10-23T00:00:00,0,0,75
2024-10-24T00:00:00,0,0,69
2024-10-25T00:00:00,0,0,62
2024-10-26T00:00:00,0,0,64
2024-10-27T00:00:00,0,0,57
2024-10-28T00:00:00,0,0,61
2024-10-29T00:00:00,0.01,0,63
2024-10-30T00:00:00,0,0,76
2024-10-31T00:00:00,0,0,81
2024-11-01T00:00:00,0,0,79
2024-11-02T00:00:00,0,0,60
2024-11-03T00:00:00,0,0,54
2024-11-04T00:00:00,0,0,58
2024-11-05T00:00:00,0,0,73
2024-11-06T00:00:00,0,0,80
2024-11-07T00:00:00,0,0,73
2024-11-08T00:00:00,0,0,69
2024-11-09T00:00:00,0,0,54
2024-11-10T00:00:00,0.08,0,58
2024-11-11T00:00:00,0.1,0,68
2024-11-12T00:00:00,0,0,59
2024-11-13T00:00:00,0,0,50
2024-11-14T00:00:00,0,0,47
2024-11-15T00:00:00,0,0,58
2024-11-16T00:00:00,0,0,62
2024-11-17T00:00:00,0,0,63
2024-11-18T00:00:00,0,0,66
2024-11-19T00:00:00,0,0,60
2024-11-20T00:00:00,0,0,60
2024-11-21T00:00:00,1.57,0,54
2024-11-22T00:00:00,0.53,0,40
2024-11-23T00:00:00,0.02,0,49
2024-11-24T00:00:00,0,0,53
2024-11-25T00:00:00,0,0,54
2024-11-26T00:00:00,0.19,0,58
2024-11-27T00:00:00,0,0,52
2024-11-28T00:00:00,0.86,0,49
2024-11-29T00:00:00,0,0,47
2024-11-30T00:00:00,0,0,39
2024-12-01T00:00:00,0,0,38
2024-12-02T00:00:00,0,0,39
2024-12-03T00:00:00,0,0,42
2024-12-04T00:00:00,0.01,0,42
2024-12-05T00:00:00,0.09,0,40
2024-12-06T00:00:00,0,0,34
2024-12-07T00:00:00,0,0,41
2024-12-08T00:00:00,0,0,55
2024-12-09T00:00:00,0.18,0,51
2024-12-10T00:00:00,0.26,0,50
2024-12-11T00:00:00,0.85,0,60
2024-12-12T00:00:00,0,0,41
2024-12-13T00:00:00,0,0,33
2024-12-14T00:00:00,0,0,34
2024-12-15T00:00:00,0.06,0,41
2024-12-16T00:00:00,0.91,0,52
2024-12-17T00:00:00,0.02,0,59
2024-12-18T00:00:00,0.32,0,53
2024-12-19T00:00:00,0.05,0,45
2024-12-20T00:00:00,0.04,0,37
2024-12-21T00:00:00,0.15,1.8,33
2024-12-22T00:00:00,0,0,21
2024-12-23T00:00:00,0,0,31
2024-12-24T00:00:00,0.1,1,39
2024-12-25T00:00:00,0,0,35
2024-12-26T00:00:00,0,0,36
2024-12-27T00:00:00,0,0,44
2024-12-28T00:00:00,0.56,0,54
2024-12-29T00:00:00,0.16,0,60
2024-12-30T00:00:00,0.37,0,58
2024-12-31T00:00:00,0.4,0,53
2025-01-01T00:00:00,0,0,51
2025-01-02T00:00:00,0,0,43
2025-01-03T00:00:00,0,0,39
2025-01-04T00:00:00,0,0,33
2025-01-05T00:00:00,0,0,33
2025-01-06T00:00:00,0.08,0.9,30
2025-01-07T00:00:00,0,0,33
2025-01-08T00:00:00,0,0,30
2025-01-09T00:00:00,0,0,33
2025-01-10T00:00:00,0,0,39
2025-01-11T00:00:00,0.02,0.5,36
2025-01-12T00:00:00,0,0,42
2025-01-13T00:00:00,0,0,42
2025-01-14T00:00:00,0,0,35
2025-01-15T00:00:00,0,0,32
2025-01-16T00:00:00,0,0,30
2025-01-17T00:00:00,0,0,42
2025-01-18T00:00:00,0.09,0,46
2025-01-19T00:00:00,0.26,1.6,41
2025-01-20T00:00:00,0,0,26
2025-01-21T00:00:00,0,0,19
2025-01-22T00:00:00,0,0,20
2025-01-23T00:00:00,0,0,28
2025-01-24T00:00:00,0,0,33
2025-01-25T00:00:00,0,0,33
2025-01-26T00:00:00,0,0,43
2025-01-27T00:00:00,0,0,40
2025-01-28T00:00:00,0,0,42
2025-01-29T00:00:00,0,0,52
2025-01-30T00:00:00,0,0,38
2025-01-31T00:00:00,0.16,0,48
2025-02-01T00:00:00,0,0,48
2025-02-02T00:00:00,0.11,1,31
2025-02-03T00:00:00,0,0,49
2025-02-04T00:00:00,0,0,47
2025-02-05T00:00:00,0,0,36
2025-02-06T00:00:00,0.34,0.5,38
2025-02-07T00:00:00,0,0,43
2025-02-08T00:00:00,0.61,3,35
2025-02-09T00:00:00,0.06,0.1,36
2025-02-10T00:00:00,0,0,37
2025-02-11T00:00:00,0.12,1.2,35
2025-02-12T00:00:00,0.11,0.4,36
2025-02-13T00:00:00,0.15,0,46
2025-02-14T00:00:00,0,0,36
2025-02-15T00:00:00,0.31,0.5,35
2025-02-16T00:00:00,0.77,0,47
2025-02-17T00:00:00,0,0,36
2025-02-18T00:00:00,0,0,27
2025-02-19T00:00:00,0,0,30
2025-02-20T00:00:00,0.01,0.4,29
2025-02-21T00:00:00,0,0,35
2025-02-22T00:00:00,0,0,40
2025-02-23T00:00:00,0,0,46
2025-02-24T00:00:00,0,0,49
2025-02-25T00:00:00,0,0,57
2025-02-26T00:00:00,0,0,56
2025-02-27T00:00:00,0.01,0,54
2025-02-28T00:00:00,0,0,51
2025-03-01T00:00:00,0,0,64
2025-03-02T00:00:00,0,0,33
2025-03-03T00:00:00,0,0,39
2025-03-04T00:00:00,0,0,52
2025-03-05T00:00:00,1.71,0,54
2025-03-06T00:00:00,0,0,55
2025-03-07T00:00:00,0,0,50
2025-03-08T00:00:00,0,0,45
2025-03-09T00:00:00,0,0,53
2025-03-10T00:00:00,0,0,66
2025-03-11T00:00:00,0,0,65
2025-03-12T00:00:00,0,0,55
2025-03-13T00:00:00,0,0,50
2025-03-14T00:00:00,0,0,57
2025-03-15T00:00:00,0,0,49
2025-03-16T00:00:00,0.01,0,61
2025-03-17T00:00:00,0.92,0,59
2025-03-18T00:00:00,0,0,61
2025-03-19T00:00:00,0,0,63
2025-03-20T00:00:00,1.06,0,52
2025-03-21T00:00:00,0.03,0,51
2025-03-22T00:00:00,0,0,64
2025-03-23T00:00:00,0,0,48
2025-03-24T00:00:00,0.48,0,50
2025-03-25T00:00:00,0,0,58
2025-03-26T00:00:00,0,0,53
2025-03-27T00:00:00,0,0,53
2025-03-28T00:00:00,0.03,0,63
2025-03-29T00:00:00,0,0,81
2025-03-30T00:00:00,0.04,0,48
2025-03-31T00:00:00,1.24,0,73
2025-04-01T00:00:00,0.08,0,58
2025-04-02T00:00:00,0,0,49
2025-04-03T00:00:00,0.05,0,73
2025-04-04T00:00:00,0.09,0,73
2025-04-05T00:00:00,0.19,0,59
2025-04-06T00:00:00,0.76,0,56
2025-04-07T00:00:00,0.13,0,50
2025-04-08T00:00:00,0,0,45
2025-04-09T00:00:00,0,0,49
2025-04-10T00:00:00,0.01,0,51
2025-04-11T00:00:00,0.41,0,46
2025-04-12T00:00:00,0.63,0,40
2025-04-13T00:00:00,0,0,58
2025-04-14T00:00:00,0.07,0,66
2025-04-15T00:00:00,0.01,0,69
2025-04-16T00:00:00,0,0,50
2025-04-17T00:00:00,0,0,64
2025-04-18T00:00:00,0,0,68
2025-04-19T00:00:00,0,0,85
2025-04-20T00:00:00,0,0,73
2025-04-21T00:00:00,0,0,57
2025-04-22T00:00:00,0,0,82
2025-04-23T00:00:00,0,0,76
2025-04-24T00:00:00,0,0,77
2025-04-25T00:00:00,0,0,77
2025-04-26T00:00:00,0.82,0,74
2025-04-27T00:00:00,0,0,59
2025-04-28T00:00:00,0,0,76
2025-04-29T00:00:00,0,0,79
2025-04-30T00:00:00,0,0,73
2025-05-01T00:00:00,0,0,71
2025-05-02T00:00:00,0,0,84
2025-05-03T00:00:00,0.95,0,85
2025-05-04T00:00:00,0.15,0,69
2025-05-05T00:00:00,0.74,0,61
2025-05-06T00:00:00,0.24,0,64
2025-05-07T00:00:00,0.02,0,74
2025-05-08T00:00:00,0,0,78
2025-05-09T00:00:00,0.69,0,60
2025-05-10T00:00:00,0,0,72
2025-05-11T00:00:00,0,0,77
2025-05-12T00:00:00,0,0,72
2025-05-13T00:00:00,0.16,0,69
2025-05-14T00:00:00,1.22,0,62
2025-05-15T00:00:00,0,0,69
2025-05-16T00:00:00,0.11,0,72
2025-05-17T00:00:00,0,0,82
2025-05-18T00:00:00,0,0,73
2025-05-19T00:00:00,0,0,69
2025-05-20T00:00:00,0,0,67
2025-05-21T00:00:00,0.09,0,59
2025-05-22T00:00:00,0.9,0,51
2025-05-23T00:00:00,0.26,0,63
2025-05-24T00:00:00,0,0,64
2025-05-25T00:00:00,0,0,66
2025-05-26T00:00:00,0,0,73
2025-05-27T00:00:00,0,0,74
2025-05-28T00:00:00,0.49,0,65
2025-05-29T00:00:00,0.1,0,67
2025-05-30T00:00:00,0,0,75
2025-05-31T00:00:00,0.46,0,67
2025-06-01T00:00:00,0,0,66
2025-06-02T00:00:00,0,0,71
2025-06-03T00:00:00,0,0,79
2025-06-04T00:00:00,0,0,83
2025-06-05T00:00:00,0,0,87
2025-06-06T00:00:00,0.02,0,84
2025-06-07T00:00:00,0.7,0,76
2025-06-08T00:00:00,0,0,76
2025-06-09T00:00:00,0.01,0,64
2025-06-10T00:00:00,0.4,0,73
2025-06-11T00:00:00,0,0,81
2025-06-12T00:00:00,0,0,87
2025-06-13T00:00:00,0,0,78
2025-06-14T00:00:00,0.23,0,68
2025-06-15T00:00:00,0.03,0,64
2025-06-16T00:00:00,0.15,0,69
2025-06-17T00:00:00,0.02,0,67
2025-06-18T00:00:00,0.03,0,84
2025-06-19T00:00:00,0.65,0,88
2025-06-20T00:00:00,0,0,82
2025-06-21T00:00:00,0,0,86
2025-06-22T00:00:00,0.1,0,88
2025-06-23T00:00:00,0,0,96
2025-06-24T00:00:00,0,0,99
2025-06-25T00:00:00,0,0,96
2025-06-26T00:00:00,0,0,85
2025-06-27T00:00:00,0.07,0,72
2025-06-28T00:00:00,0.05,0,83
2025-06-29T00:00:00,0,0,89
2025-06-30T00:00:00,0,0,90
2025-07-01T00:00:00,0.43,0,89
2025-07-02T00:00:00,0.03,0,84
2025-07-03T00:00:00,0,0,88
2025-07-04T00:00:00,0,0,83
2025-07-05T00:00:00,0,0,84
2025-07-06T00:00:00,0,0,87
2025-07-07T00:00:00,0,0,87
2025-07-08T00:00:00,0.09,0,93
2025-07-09T00:00:00,0.05,0,90
2025-07-10T00:00:00,0.18,0,84
2025-07-11T00:00:00,0,0,84
2025-07-12T00:00:00,0,0,83
2025-07-13T00:00:00,0,0,83
2025-07-14T00:00:00,2.64,0,85
2025-07-15T00:00:00,0,0,86
2025-07-16T00:00:00,0,0,87
2025-07-17T00:00:00,0,0,90
2025-07-18T00:00:00,0,0,82
2025-07-19T00:00:00,0,0,81
2025-07-20T00:00:00,0,0,88
2025-07-21T00:00:00,0,0,85
2025-07-22T00:00:00,0,0,81
2025-07-23T00:00:00,0,0,80
2025-07-24T00:00:00,0,0,87
2025-07-25T00:00:00,0.01,0,95
2025-07-26T00:00:00,0,0,85
2025-07-27T00:00:00,0,0,84
2025-07-28T00:00:00,0,0,94
2025-07-29T00:00:00,0,0,97
2025-07-30T00:00:00,0.28,0,95
2025-07-31T00:00:00,0.32,0,89
2025-08-01T00:00:00,0,0,73
2025-08-02T00:00:00,0,0,80
2025-08-03T00:00:00,0,0,84
2025-08-04T00:00:00,0,0,89
2025-08-05T00:00:00,0,0,86
2025-08-06T00:00:00,0.06,0,79
2025-08-07T00:00:00,0,0,81
2025-08-08T00:00:00,0,0,82
2025-08-09T00:00:00,0,0,85
2025-08-10T00:00:00,0,0,90
2025-08-11T00:00:00,0,0,89
2025-08-12T00:00:00,0,0,91
2025-08-13T00:00:00,0.71,0,89
2025-08-14T00:00:00,0,0,89
2025-08-15T00:00:00,0,0,89
2025-08-16T00:00:00,0,0,84
2025-08-17T00:00:00,0.66,0,91
2025-08-18T00:00:00,0,0,75
2025-08-19T00:00:00,0,0,77
2025-08-20T00:00:00,0.51,0,70
2025-08-21T00:00:00,0.27,0,72
2025-08-22T00:00:00,0,0,83
2025-08-23T00:00:00,0,0,82
2025-08-24T00:00:00,0,0,80
2025-08-25T00:00:00,0,0,86
2025-08-26T00:00:00,0,0,79
2025-08-27T00:00:00,0,0,75
2025-08-28T00:00:00,0,0,78
2025-08-29T00:00:00,0,0,78
2025-08-30T00:00:00,0,0,76
2025-08-31T00:00:00,0,0,79
2025-09-01T00:00:00,0,0,78
2025-09-02T00:00:00,0,0,79
2025-09-03T00:00:00,0,0,79
2025-09-04T00:00:00,0.4,0,77
2025-09-05T00:00:00,0.17,0,82
2025-09-06T00:00:00,1.01,0,86
2025-09-07T00:00:00,0.63,0,69
2025-09-08T00:00:00,0,0,73
2025-09-09T00:00:00,0,0,73
2025-09-10T00:00:00,0.08,0,73
2025-09-11T00:00:00,0,0,79
2025-09-12T00:00:00,0,0,78
2025-09-13T00:00:00,0,0,77
2025-09-14T00:00:00,0,0,81
2025-09-15T00:00:00,0,0,79
2025-09-16T00:00:00,0,0,74
2025-09-17T00:00:00,0,0,70
2025-09-18T00:00:00,0.01,0,83
2025-09-19T00:00:00,0,0,84
2025-09-20T00:00:00,0,0,73
2025-09-21T00:00:00,0,0,71
2025-09-22T00:00:00,0,0,73
2025-09-23T00:00:00,0,0,83
2025-09-24T00:00:00,0.08,0,80
2025-09-25T00:00:00,0.27,0,77
2025-09-26T00:00:00,0,0,82
2025-09-27T00:00:00,0.01,0,79
2025-09-28T00:00:00,0.1,0,83
2025-09-29T00:00:00,0,0,78
2025-09-30T00:00:00,0,0,81
2025-10-01T00:00:00,0,0,69
2025-10-02T00:00:00,0,0,66
2025-10-03T00:00:00,0,0,71
2025-10-04T00:00:00,0,0,82
2025-10-05T00:00:00,0,0,84
2025-10-06T00:00:00,0,0,80
2025-10-07T00:00:00,0,0,80
2025-10-08T00:00:00,0.27,0,72
2025-10-09T00:00:00,0,0,59
2025-10-10T00:00:00,0,0,62
2025-10-11T00:00:00,0.09,0,64
2025-10-12T00:00:00,0.66,0,63
2025-10-13T00:00:00,0.9,0,58
2025-10-14T00:00:00,0,0,61
2025-10-15T00:00:00,0,0,68
2025-10-16T00:00:00,0,0,61
2025-10-17T00:00:00,0,0,63
2025-10-18T00:00:00,0,0,65
2025-10-19T00:00:00,0,0,70
2025-10-20T00:00:00,0.01,0,68
2025-10-21T00:00:00,0.03,0,66
2025-10-22T00:00:00,0.27,0,62
2025-10-23T00:00:00,0,0,60
2025-10-24T00:00:00,0,0,59
2025-10-25T00:00:00,0,0,58
2025-10-26T00:00:00,0,0,59
2025-10-27T00:00:00,0,0,55
2025-10-28T00:00:00,0,0,54
2025-10-29T00:00:00,0.02,0,56
2025-10-30T00:00:00,1.83,0,63
2025-10-31T00:00:00,0,0,58
2025-11-01T00:00:00,0,0,58
2025-11-02T00:00:00,0,0,59
2025-11-03T00:00:00,0.04,0,59
2025-11-04T00:00:00,0,0,59
2025-11-05T00:00:00,0,0,66
2025-11-06T00:00:00,0,0,57
2025-11-07T00:00:00,0,0,61
2025-11-08T00:00:00,0.16,0,65
2025-11-09T00:00:00,0.19,0,63
2025-11-10T00:00:00,0.22,0,59
2025-11-11T00:00:00,0,0,41
2025-11-12T00:00:00,0,0,50
2025-11-13T00:00:00,0.01,0,51
2025-11-14T00:00:00,0,0,51
2025-11-15T00:00:00,0.07,0,50
2025-11-16T00:00:00,0.06,0,56
2025-11-17T00:00:00,0,0,44
2025-11-18T00:00:00,0,0,45
2025-11-19T00:00:00,0.17,0,47
2025-11-20T00:00:00,0,0,47
